Time,TT
2015-07-01T10:39:18,29.0
2015-07-01T11:17:47,30.0
2015-07-01T11:59:40,25.0
2015-07-01T13:20:56,32.0
2015-07-01T14:40:07,31.0
2015-07-01T15:59:18,30.0
2015-07-01T17:20:51,29.0
2015-07-01T17:57:26,26.0
2015-07-01T18:40:51,42.0
2015-07-01T19:57:47,36.0
2015-07-01T20:30:09,61.0
2015-07-01T21:57:28,24.0
2015-07-01T22:28:47,30.0
2015-07-01T23:59:58,30.0
2015-07-01T00:27:28,30.0
2015-07-01T05:58:13,30.0
2015-07-01T06:39:28,37.0
2015-07-01T08:02:27,30.0
2015-07-01T08:38:59,31.0
2015-07-01T09:16:23,30.0
2015-07-02T10:44:44,27.0
2015-07-02T11:21:31,30.0
2015-07-02T12:57:27,48.0
2015-07-02T13:19:56,38.0
2015-07-02T14:01:35,30.0
2015-07-02T15:40:34,30.0
2015-07-02T16:00:16,30.0
2015-07-02T18:18:59,30.0
2015-07-02T18:40:36,30.0
2015-07-02T20:57:50,31.0
2015-07-02T21:59:38,24.0
2015-07-02T22:56:19,30.0
2015-07-02T23:28:57,25.0
2015-07-02T23:59:49,30.0
2015-07-02T00:28:14,27.0
2015-07-02T05:55:51,30.0
2015-07-02T07:18:04,26.0
2015-07-02T08:03:55,31.0
2015-07-02T08:39:48,33.0
2015-07-03T10:38:25,30.0
2015-07-03T10:57:57,30.0
2015-07-03T11:19:00,30.0
2015-07-03T11:59:30,30.0
2015-07-03T13:21:27,31.0
2015-07-03T13:39:48,28.0
2015-07-03T14:00:07,30.0
2015-07-03T14:39:23,30.0
2015-07-03T16:00:08,35.0
2015-07-03T16:24:31,34.0
2015-07-03T16:42:20,30.0
2015-07-03T17:19:02,23.0
2015-07-03T18:40:23,30.0
2015-07-03T19:01:15,30.0
2015-07-03T19:22:13,30.0
2015-07-03T19:57:25,26.0
2015-07-03T21:28:03,23.0
2015-07-03T22:28:56,30.0
2015-07-03T23:28:51,31.0
2015-07-03T00:27:21,18.0
2015-07-03T05:57:35,30.0
2015-07-03T06:37:05,45.0
2015-07-03T07:02:55,30.0
2015-07-03T08:21:45,30.0
2015-07-03T08:38:13,30.0
2015-07-03T09:19:12,30.0
2015-07-03T09:43:18,30.0
2015-07-04T10:19:03,28.0
2015-07-04T11:08:28,33.0
2015-07-04T11:22:34,26.0
2015-07-04T11:45:09,34.0
2015-07-04T12:04:44,34.0
2015-07-04T12:25:44,30.0
2015-07-04T12:45:25,40.0
2015-07-04T13:36:33,30.0
2015-07-04T13:46:24,34.0
2015-07-04T14:05:03,30.0
2015-07-04T14:24:51,30.0
2015-07-04T14:46:02,30.0
2015-07-04T15:03:58,30.0
2015-07-04T15:45:00,27.0
2015-07-04T16:04:58,30.0
2015-07-04T17:04:18,31.0
2015-07-04T17:23:40,40.0
2015-07-04T18:03:07,31.0
2015-07-04T18:27:04,60.0
2015-07-04T18:43:55,28.0
2015-07-04T19:21:42,30.0
2015-07-04T19:44:31,30.0
2015-07-04T20:28:54,30.0
2015-07-04T20:58:22,36.0
2015-07-04T22:59:16,29.0
2015-07-04T00:27:22,30.0
2015-07-04T06:41:18,30.0
2015-07-04T06:57:51,29.0
2015-07-04T07:22:16,33.0
2015-07-04T07:39:27,30.0
2015-07-04T08:01:13,34.0
2015-07-04T08:40:30,43.0
2015-07-04T09:17:36,31.0
2015-07-04T09:41:32,30.0
2015-07-04T10:01:28,24.0
2015-07-05T10:38:07,29.0
2015-07-05T11:00:41,29.0
2015-07-05T11:40:58,24.0
2015-07-05T12:04:56,41.0
2015-07-05T12:30:27,30.0
2015-07-05T13:25:41,21.0
2015-07-05T14:06:12,33.0
2015-07-05T14:26:10,24.0
2015-07-05T14:52:20,30.0
2015-07-05T15:45:09,30.0
2015-07-05T16:31:21,29.0
2015-07-05T16:44:49,30.0
2015-07-05T17:11:53,38.0
2015-07-05T18:01:25,30.0
2015-07-05T18:48:07,28.0
2015-07-05T19:05:26,27.0
2015-07-05T19:20:47,30.0
2015-07-05T20:29:43,30.0
2015-07-05T21:00:13,31.0
2015-07-05T21:27:21,39.0
2015-07-05T21:59:13,30.0
2015-07-05T22:28:52,30.0
2015-07-05T23:01:45,19.0
2015-07-05T23:26:43,29.0
2015-07-05T23:58:14,23.0
2015-07-05T06:19:17,30.0
2015-07-05T06:39:19,30.0
2015-07-05T07:18:02,33.0
2015-07-05T07:40:13,43.0
2015-07-05T08:19:13,30.0
2015-07-05T08:39:42,44.0
2015-07-05T09:20:26,27.0
2015-07-05T09:43:06,30.0
2015-07-05T09:59:49,30.0
2015-07-06T10:24:17,48.0
2015-07-06T10:39:09,31.0
2015-07-06T11:19:56,30.0
2015-07-06T12:20:17,25.0
2015-07-06T13:01:17,31.0
2015-07-06T13:22:02,60.0
2015-07-06T14:01:03,29.0
2015-07-06T15:02:03,30.0
2015-07-06T15:40:15,38.0
2015-07-06T16:01:52,30.0
2015-07-06T16:44:16,29.0
2015-07-06T17:38:36,30.0
2015-07-06T18:42:48,35.0
2015-07-06T19:20:55,30.0
2015-07-06T20:57:42,45.0
2015-07-06T21:29:51,24.0
2015-07-06T22:22:45,30.0
2015-07-06T22:59:58,30.0
2015-07-06T23:29:46,30.0
2015-07-06T00:28:57,30.0
2015-07-06T05:58:57,32.0
2015-07-06T06:59:56,30.0
2015-07-06T07:46:35,28.0
2015-07-06T08:41:35,30.0
2015-07-06T09:43:29,26.0
2015-07-07T10:21:20,30.0
2015-07-07T10:39:02,28.0
2015-07-07T11:21:27,29.0
2015-07-07T11:58:14,28.0
2015-07-07T12:42:23,23.0
2015-07-07T14:39:53,34.0
2015-07-07T15:27:34,42.0
2015-07-07T16:01:49,31.0
2015-07-07T16:22:42,42.0
2015-07-07T16:43:38,33.0
2015-07-07T17:19:49,30.0
2015-07-07T17:59:22,32.0
2015-07-07T18:59:59,30.0
2015-07-07T19:21:36,30.0
2015-07-07T19:58:16,31.0
2015-07-07T21:31:43,30.0
2015-07-07T23:27:11,25.0
2015-07-07T00:01:44,29.0
2015-07-07T05:59:02,30.0
2015-07-07T06:38:48,30.0
2015-07-07T07:23:32,28.0
2015-07-07T07:42:14,26.0
2015-07-07T08:01:48,29.0
2015-07-07T08:40:54,28.0
2015-07-07T09:17:35,38.0
2015-07-07T09:57:24,30.0
2015-07-08T10:38:34,30.0
2015-07-08T10:56:19,44.0
2015-07-08T11:22:26,32.0
2015-07-08T11:58:12,44.0
2015-07-08T12:38:52,45.0
2015-07-08T13:36:33,44.0
2015-07-08T14:01:37,45.0
2015-07-08T14:39:32,31.0
2015-07-08T15:23:24,30.0
2015-07-08T16:00:16,14.0
2015-07-08T16:18:29,36.0
2015-07-08T16:40:35,36.0
2015-07-08T17:21:08,30.0
2015-07-08T19:02:00,33.0
2015-07-08T19:19:33,30.0
2015-07-08T19:58:34,30.0
2015-07-08T21:29:52,25.0
2015-07-08T22:27:09,30.0
2015-07-08T23:26:28,26.0
2015-07-08T05:58:48,30.0
2015-07-08T06:44:44,47.0
2015-07-08T07:23:08,26.0
2015-07-08T08:02:49,30.0
2015-07-08T08:22:47,30.0
2015-07-08T08:44:32,30.0
2015-07-08T09:19:30,30.0
2015-07-08T09:57:28,36.0
2015-07-09T10:39:06,30.0
2015-07-09T10:59:18,22.0
2015-07-09T12:21:45,25.0
2015-07-09T13:22:06,43.0
2015-07-09T13:38:34,40.0
2015-07-09T15:01:51,30.0
2015-07-09T16:04:20,30.0
2015-07-09T16:19:31,26.0
2015-07-09T17:21:03,28.0
2015-07-09T18:40:23,34.0
2015-07-09T18:57:39,31.0
2015-07-09T19:58:24,28.0
2015-07-09T00:28:34,25.0
2015-07-09T06:58:11,36.0
2015-07-09T08:20:54,40.0
2015-07-09T09:39:43,35.0
2015-07-10T10:58:04,33.0
2015-07-10T11:39:47,39.0
2015-07-10T12:07:40,18.0
2015-07-10T13:40:21,30.0
2015-07-10T14:31:22,60.0
2015-07-10T16:19:43,31.0
2015-07-10T17:20:25,27.0
2015-07-10T18:59:05,30.0
2015-07-10T19:58:49,32.0
2015-07-10T21:59:00,25.0
2015-07-10T06:18:57,37.0
2015-07-10T06:42:48,60.0
2015-07-10T08:22:37,38.0
2015-07-10T08:58:00,41.0
2015-07-10T09:16:20,30.0
2015-07-11T10:41:18,30.0
2015-07-11T12:26:54,31.0
2015-07-11T13:06:01,20.0
2015-07-11T14:48:18,30.0
2015-07-11T15:27:02,44.0
2015-07-11T17:42:49,38.0
2015-07-11T19:22:20,30.0
2015-07-11T20:03:14,18.0
2015-07-11T05:59:06,31.0
2015-07-11T06:19:26,31.0
2015-07-11T07:38:53,40.0
2015-07-11T07:59:27,30.0
2015-07-11T08:20:47,30.0
2015-07-11T10:02:41,28.0
2015-07-12T10:41:13,24.0
2015-07-12T10:59:37,25.0
2015-07-12T11:42:26,25.0
2015-07-12T12:01:14,29.0
2015-07-12T13:05:08,46.0
2015-07-12T13:25:43,31.0
2015-07-12T14:05:39,30.0
2015-07-12T14:24:33,30.0
2015-07-12T15:24:54,40.0
2015-07-12T15:55:58,29.0
2015-07-12T16:28:13,32.0
2015-07-12T16:55:03,30.0
2015-07-12T17:44:35,46.0
2015-07-12T18:15:36,60.0
2015-07-12T18:50:02,28.0
2015-07-12T19:02:16,20.0
2015-07-12T20:05:23,29.0
2015-07-12T20:32:28,30.0
2015-07-12T21:02:14,30.0
2015-07-12T22:02:19,27.0
2015-07-12T22:30:09,30.0
2015-07-12T23:59:13,46.0
2015-07-12T06:39:29,43.0
2015-07-12T07:16:40,26.0
2015-07-12T07:38:57,44.0
2015-07-12T08:17:54,35.0
2015-07-12T08:40:26,38.0
2015-07-12T09:17:49,30.0
2015-07-12T09:38:53,30.0
2015-07-13T10:45:51,27.0
2015-07-13T10:57:13,33.0
2015-07-13T11:42:23,30.0
2015-07-13T13:19:27,30.0
2015-07-13T13:39:20,30.0
2015-07-13T14:17:39,40.0
2015-07-13T16:05:38,30.0
2015-07-13T16:21:56,42.0
2015-07-13T17:02:47,30.0
2015-07-13T17:24:59,34.0
2015-07-13T17:37:39,45.0
2015-07-13T19:01:31,29.0
2015-07-13T19:38:26,30.0
2015-07-13T19:59:17,35.0
2015-07-13T21:55:34,30.0
2015-07-13T22:29:09,30.0
2015-07-13T23:44:58,28.0
2015-07-13T00:28:47,29.0
2015-07-13T06:22:24,26.0
2015-07-13T06:59:36,30.0
2015-07-13T08:04:35,42.0
2015-07-13T09:04:13,27.0
2015-07-13T09:43:19,33.0
2015-07-14T10:18:58,31.0
2015-07-14T10:41:13,28.0
2015-07-14T10:58:38,31.0
2015-07-14T11:20:26,32.0
2015-07-14T11:37:19,30.0
2015-07-14T11:59:51,30.0
2015-07-14T12:20:55,41.0
2015-07-14T13:19:40,30.0
2015-07-14T13:38:19,33.0
2015-07-14T14:01:00,37.0
2015-07-14T14:19:33,30.0
2015-07-14T14:40:09,30.0
2015-07-14T14:59:43,30.0
2015-07-14T16:03:40,28.0
2015-07-14T16:21:31,30.0
2015-07-14T16:44:57,30.0
2015-07-14T17:01:16,30.0
2015-07-14T17:21:09,28.0
2015-07-14T17:38:40,22.0
2015-07-14T18:41:22,30.0
2015-07-14T18:59:52,30.0
2015-07-14T19:20:21,25.0
2015-07-14T19:40:57,30.0
2015-07-14T19:56:25,27.0
2015-07-14T21:30:17,30.0
2015-07-14T21:58:09,30.0
2015-07-14T22:32:13,34.0
2015-07-14T23:30:22,29.0
2015-07-14T23:57:56,30.0
2015-07-14T00:30:40,31.0
2015-07-14T05:59:48,30.0
2015-07-14T06:21:24,26.0
2015-07-14T06:41:01,30.0
2015-07-14T07:13:00,30.0
2015-07-14T07:39:52,42.0
2015-07-14T08:04:02,29.0
2015-07-14T08:23:04,28.0
2015-07-14T08:39:33,29.0
2015-07-14T09:01:00,28.0
2015-07-14T09:24:23,44.0
2015-07-14T09:41:28,44.0
2015-07-15T10:21:47,34.0
2015-07-15T10:40:39,40.0
2015-07-15T10:57:43,23.0
2015-07-15T11:19:09,30.0
2015-07-15T11:40:14,35.0
2015-07-15T11:57:08,30.0
2015-07-15T12:21:57,28.0
2015-07-15T12:38:07,31.0
2015-07-15T12:59:08,23.0
2015-07-15T13:20:29,30.0
2015-07-15T13:40:30,30.0
2015-07-15T14:01:54,30.0
2015-07-15T14:19:46,25.0
2015-07-15T14:39:33,26.0
2015-07-15T15:28:33,29.0
2015-07-15T15:39:06,37.0
2015-07-15T16:00:29,37.0
2015-07-15T16:21:04,38.0
2015-07-15T16:57:30,27.0
2015-07-15T17:40:07,30.0
2015-07-15T17:57:16,30.0
2015-07-15T18:20:38,30.0
2015-07-15T18:40:03,33.0
2015-07-15T18:57:56,31.0
2015-07-15T19:44:17,30.0
2015-07-15T20:30:07,30.0
2015-07-15T20:58:01,30.0
2015-07-15T21:30:30,31.0
2015-07-15T22:02:46,35.0
2015-07-15T22:56:23,30.0
2015-07-15T23:31:20,28.0
2015-07-15T00:34:50,30.0
2015-07-15T05:58:14,30.0
2015-07-15T06:22:29,26.0
2015-07-15T06:38:52,34.0
2015-07-15T07:04:40,30.0
2015-07-15T07:22:26,28.0
2015-07-15T07:40:12,42.0
2015-07-15T08:04:31,32.0
2015-07-15T08:23:07,30.0
2015-07-15T08:40:26,33.0
2015-07-15T09:02:06,40.0
2015-07-15T09:19:10,40.0
2015-07-15T09:41:10,31.0
2015-07-15T09:59:22,29.0
2015-07-16T10:21:18,24.0
2015-07-16T10:41:12,28.0
2015-07-16T11:00:56,38.0
2015-07-16T11:19:19,29.0
2015-07-16T11:37:39,27.0
2015-07-16T11:58:10,28.0
2015-07-16T12:20:47,30.0
2015-07-16T12:38:33,50.0
2015-07-16T12:57:15,32.0
2015-07-16T13:19:57,28.0
2015-07-16T13:43:01,25.0
2015-07-16T14:01:24,33.0
2015-07-16T14:19:19,25.0
2015-07-16T14:39:54,30.0
2015-07-16T15:02:30,30.0
2015-07-16T15:21:55,25.0
2015-07-16T15:42:05,30.0
2015-07-16T16:00:12,26.0
2015-07-16T16:21:34,30.0
2015-07-16T16:45:55,29.0
2015-07-16T17:02:10,30.0
2015-07-16T17:21:13,30.0
2015-07-16T17:41:44,30.0
2015-07-16T17:58:30,30.0
2015-07-16T18:21:51,30.0
2015-07-16T18:38:45,42.0
2015-07-16T19:00:15,31.0
2015-07-16T19:19:21,31.0
2015-07-16T19:38:30,33.0
2015-07-16T19:58:08,32.0
2015-07-16T20:27:09,30.0
2015-07-16T20:56:56,30.0
2015-07-16T21:29:32,30.0
2015-07-16T21:58:59,30.0
2015-07-16T22:56:24,30.0
2015-07-16T23:29:03,24.0
2015-07-16T00:07:36,30.0
2015-07-16T05:57:48,30.0
2015-07-16T06:19:24,31.0
2015-07-16T06:40:05,32.0
2015-07-16T06:59:21,34.0
2015-07-16T07:20:15,30.0
2015-07-16T07:42:35,36.0
2015-07-16T08:02:47,43.0
2015-07-16T08:23:15,30.0
2015-07-16T08:40:02,32.0
2015-07-16T09:01:09,31.0
2015-07-16T09:24:31,38.0
2015-07-16T09:37:48,30.0
2015-07-16T09:57:18,31.0
2015-07-17T10:39:27,39.0
2015-07-17T11:01:58,30.0
2015-07-17T11:17:17,30.0
2015-07-17T11:37:49,37.0
2015-07-17T12:00:16,29.0
2015-07-17T12:22:05,45.0
2015-07-17T13:21:13,27.0
2015-07-17T13:39:39,28.0
2015-07-17T14:00:21,45.0
2015-07-17T14:19:45,30.0
2015-07-17T14:39:02,39.0
2015-07-17T15:00:34,38.0
2015-07-17T15:58:24,30.0
2015-07-17T16:19:47,31.0
2015-07-17T16:43:52,30.0
2015-07-17T17:00:08,36.0
2015-07-17T17:18:31,29.0
2015-07-17T17:36:13,30.0
2015-07-17T18:38:24,32.0
2015-07-17T18:57:43,30.0
2015-07-17T19:21:56,35.0
2015-07-17T19:39:33,30.0
2015-07-17T19:58:49,51.0
2015-07-17T21:30:15,31.0
2015-07-17T22:13:55,30.0
2015-07-17T22:26:44,30.0
2015-07-17T23:28:06,30.0
2015-07-17T05:57:47,30.0
2015-07-17T06:20:45,22.0
2015-07-17T06:40:03,30.0
2015-07-17T07:00:20,33.0
2015-07-17T08:06:40,30.0
2015-07-17T08:40:50,34.0
2015-07-17T09:00:27,32.0
2015-07-17T09:16:20,30.0
2015-07-17T09:39:15,29.0
2015-07-18T11:42:22,33.0
2015-07-18T12:02:52,33.0
2015-07-18T14:04:41,28.0
2015-07-18T14:25:07,30.0
2015-07-18T16:24:19,30.0
2015-07-18T16:51:31,30.0
2015-07-18T18:41:08,24.0
2015-07-18T21:08:21,30.0
2015-07-18T21:35:33,32.0
2015-07-18T23:04:07,30.0
2015-07-18T00:12:41,30.0
2015-07-18T07:19:45,30.0
2015-07-18T09:20:52,30.0
2015-07-18T09:39:46,44.0
2015-07-19T11:02:08,60.0
2015-07-19T11:20:25,25.0
2015-07-19T11:44:56,42.0
2015-07-19T12:04:32,26.0
2015-07-19T12:25:38,30.0
2015-07-19T13:25:22,26.0
2015-07-19T13:46:59,30.0
2015-07-19T14:06:54,34.0
2015-07-19T14:23:09,30.0
2015-07-19T14:42:50,19.0
2015-07-19T15:45:30,39.0
2015-07-19T16:09:32,30.0
2015-07-19T16:25:53,30.0
2015-07-19T16:43:18,30.0
2015-07-19T17:05:11,30.0
2015-07-19T17:48:19,31.0
2015-07-19T18:07:38,32.0
2015-07-19T18:47:27,30.0
2015-07-19T19:04:08,30.0
2015-07-19T19:25:18,30.0
2015-07-19T20:04:23,30.0
2015-07-19T20:33:51,49.0
2015-07-19T21:02:22,30.0
2015-07-19T21:29:30,30.0
2015-07-19T23:04:58,30.0
2015-07-19T23:27:06,30.0
2015-07-19T06:44:50,30.0
2015-07-19T06:57:42,30.0
2015-07-19T07:20:34,39.0
2015-07-19T07:43:16,42.0
2015-07-19T08:40:46,30.0
2015-07-19T08:58:01,30.0
2015-07-19T09:20:16,30.0
2015-07-19T09:38:10,36.0
2015-07-19T09:58:56,28.0
2015-07-20T10:21:45,30.0
2015-07-20T10:57:57,34.0
2015-07-20T11:20:13,30.0
2015-07-20T11:44:05,32.0
2015-07-20T11:57:43,44.0
2015-07-20T12:36:37,30.0
2015-07-20T13:03:36,33.0
2015-07-20T13:37:50,30.0
2015-07-20T14:02:04,32.0
2015-07-20T14:21:56,32.0
2015-07-20T14:39:55,30.0
2015-07-20T15:24:58,30.0
2015-07-20T15:41:09,31.0
2015-07-20T16:25:20,30.0
2015-07-20T16:41:44,40.0
2015-07-20T17:02:34,30.0
2015-07-20T17:20:37,31.0
2015-07-20T17:57:30,29.0
2015-07-20T18:21:08,30.0
2015-07-20T18:59:27,30.0
2015-07-20T19:20:05,30.0
2015-07-20T19:40:36,34.0
2015-07-20T19:59:07,33.0
2015-07-20T20:27:19,32.0
2015-07-20T21:00:12,30.0
2015-07-20T21:56:54,30.0
2015-07-20T22:33:50,30.0
2015-07-20T22:57:53,30.0
2015-07-20T23:52:32,30.0
2015-07-20T05:59:09,30.0
2015-07-20T06:22:47,29.0
2015-07-20T06:40:08,30.0
2015-07-20T07:20:50,29.0
2015-07-20T07:46:13,44.0
2015-07-20T08:20:16,31.0
2015-07-20T08:40:17,31.0
2015-07-20T08:59:53,30.0
2015-07-20T09:19:07,31.0
2015-07-20T09:58:39,49.0
2015-07-21T10:58:23,39.0
2015-07-21T11:19:50,31.0
2015-07-21T11:39:24,34.0
2015-07-21T11:58:36,44.0
2015-07-21T12:19:34,31.0
2015-07-21T12:37:53,29.0
2015-07-21T13:21:12,42.0
2015-07-21T13:34:16,24.0
2015-07-21T14:02:05,30.0
2015-07-21T14:19:33,30.0
2015-07-21T14:39:05,29.0
2015-07-21T15:00:19,30.0
2015-07-21T16:02:02,31.0
2015-07-21T16:20:43,27.0
2015-07-21T16:43:01,30.0
2015-07-21T16:58:19,30.0
2015-07-21T17:20:19,51.0
2015-07-21T17:42:01,26.0
2015-07-21T18:42:04,30.0
2015-07-21T19:00:09,30.0
2015-07-21T19:21:14,30.0
2015-07-21T19:40:05,45.0
2015-07-21T19:59:24,25.0
2015-07-21T21:30:17,31.0
2015-07-21T21:59:21,30.0
2015-07-21T22:37:05,33.0
2015-07-21T23:29:56,30.0
2015-07-21T23:57:28,32.0
2015-07-21T00:30:10,57.0
2015-07-21T05:59:27,30.0
2015-07-21T06:21:29,33.0
2015-07-21T06:41:16,34.0
2015-07-21T06:58:57,30.0
2015-07-21T07:20:01,33.0
2015-07-21T08:03:52,60.0
2015-07-21T08:23:03,35.0
2015-07-21T08:39:46,35.0
2015-07-21T09:02:52,27.0
2015-07-21T09:16:14,33.0
2015-07-21T09:42:43,42.0
2015-07-21T09:56:07,29.0
2015-07-22T10:25:52,30.0
2015-07-22T10:40:06,45.0
2015-07-22T11:21:51,30.0
2015-07-22T12:19:58,33.0
2015-07-22T12:39:04,23.0
2015-07-22T14:00:48,36.0
2015-07-22T15:00:22,32.0
2015-07-22T15:21:48,46.0
2015-07-22T15:39:56,49.0
2015-07-22T16:42:06,43.0
2015-07-22T17:39:48,28.0
2015-07-22T17:59:07,30.0
2015-07-22T18:18:01,30.0
2015-07-22T19:20:21,28.0
2015-07-22T20:28:01,30.0
2015-07-22T20:59:20,25.0
2015-07-22T21:29:33,30.0
2015-07-22T21:57:31,25.0
2015-07-22T22:26:32,26.0
2015-07-22T22:55:42,32.0
2015-07-22T23:27:21,31.0
2015-07-22T23:58:42,28.0
2015-07-22T00:38:44,30.0
2015-07-22T06:00:28,29.0
2015-07-22T07:01:27,40.0
2015-07-22T07:19:52,39.0
2015-07-22T07:40:15,36.0
2015-07-22T08:01:42,47.0
2015-07-22T08:40:48,41.0
2015-07-22T09:41:05,42.0
2015-07-22T09:57:17,45.0
2015-07-23T10:21:03,63.0
2015-07-23T10:43:39,118.0
2015-07-23T10:59:52,56.0
2015-07-23T11:57:31,30.0
2015-07-23T12:21:18,42.0
2015-07-23T12:37:53,42.0
2015-07-23T12:57:27,32.0
2015-07-23T13:19:25,30.0
2015-07-23T13:39:32,24.0
2015-07-23T14:38:39,29.0
2015-07-23T15:00:22,29.0
2015-07-23T15:22:49,30.0
2015-07-23T15:42:08,31.0
2015-07-23T16:01:53,38.0
2015-07-23T16:22:01,30.0
2015-07-23T17:18:52,42.0
2015-07-23T17:41:17,30.0
2015-07-23T18:00:18,30.0
2015-07-23T18:19:42,30.0
2015-07-23T18:37:53,31.0
2015-07-23T19:01:33,30.0
2015-07-23T19:57:06,28.0
2015-07-23T20:29:02,30.0
2015-07-23T20:56:49,32.0
2015-07-23T21:58:37,30.0
2015-07-23T22:29:40,30.0
2015-07-23T22:57:35,30.0
2015-07-23T23:57:41,30.0
2015-07-23T00:28:40,30.0
2015-07-23T06:39:45,35.0
2015-07-23T06:59:09,45.0
2015-07-23T07:22:55,59.0
2015-07-23T08:04:29,57.0
2015-07-23T08:21:42,89.0
2015-07-23T09:16:36,26.0
2015-07-23T09:39:33,34.0
2015-07-23T10:01:56,111.0
2015-07-24T10:22:55,42.0
2015-07-24T11:00:39,25.0
2015-07-24T12:00:09,39.0
2015-07-24T12:20:49,30.0
2015-07-24T12:40:00,42.0
2015-07-24T12:57:33,31.0
2015-07-24T13:39:55,32.0
2015-07-24T14:59:17,31.0
2015-07-24T15:22:13,35.0
2015-07-24T15:39:31,30.0
2015-07-24T16:19:53,34.0
2015-07-24T17:19:25,31.0
2015-07-24T17:40:05,30.0
2015-07-24T18:00:04,30.0
2015-07-24T18:20:51,31.0
2015-07-24T18:59:53,30.0
2015-07-24T19:58:22,25.0
2015-07-24T20:28:55,30.0
2015-07-24T20:58:30,30.0
2015-07-24T22:29:18,30.0
2015-07-24T22:54:52,26.0
2015-07-24T23:56:54,18.0
2015-07-24T06:42:13,36.0
2015-07-24T06:59:25,34.0
2015-07-24T07:19:39,34.0
2015-07-24T07:41:35,36.0
2015-07-24T08:22:08,31.0
2015-07-24T09:19:52,34.0
2015-07-24T09:39:58,32.0
2015-07-24T09:59:54,37.0
2015-07-25T10:28:07,24.0
2015-07-25T10:41:11,31.0
2015-07-25T10:58:16,30.0
2015-07-25T11:23:04,37.0
2015-07-25T11:45:17,30.0
2015-07-25T12:05:08,25.0
2015-07-25T12:26:15,30.0
2015-07-25T12:50:20,45.0
2015-07-25T13:04:27,23.0
2015-07-25T13:22:58,33.0
2015-07-25T13:46:27,30.0
2015-07-25T14:26:22,23.0
2015-07-25T14:44:31,30.0
2015-07-25T15:06:46,30.0
2015-07-25T15:23:01,30.0
2015-07-25T15:46:38,30.0
2015-07-25T16:06:36,30.0
2015-07-25T16:25:52,30.0
2015-07-25T16:47:33,29.0
2015-07-25T17:06:41,30.0
2015-07-25T17:26:45,35.0
2015-07-25T17:45:56,30.0
2015-07-25T18:05:08,33.0
2015-07-25T18:26:15,38.0
2015-07-25T18:41:10,30.0
2015-07-25T19:09:59,29.0
2015-07-25T19:21:26,18.0
2015-07-25T19:43:59,27.0
2015-07-25T20:06:33,20.0
2015-07-25T20:33:29,32.0
2015-07-25T20:57:30,36.0
2015-07-25T21:35:00,27.0
2015-07-25T21:58:58,30.0
2015-07-25T22:27:01,30.0
2015-07-25T22:57:01,28.0
2015-07-25T23:32:20,30.0
2015-07-25T00:28:52,30.0
2015-07-25T06:00:26,42.0
2015-07-25T06:19:52,30.0
2015-07-25T06:38:08,30.0
2015-07-25T06:58:10,32.0
2015-07-25T07:17:00,30.0
2015-07-25T07:36:48,41.0
2015-07-25T07:59:01,30.0
2015-07-25T08:20:09,60.0
2015-07-25T08:40:00,30.0
2015-07-25T08:59:20,30.0
2015-07-25T09:21:32,38.0
2015-07-25T09:45:52,30.0
2015-07-25T10:07:20,30.0
2015-07-26T10:38:23,41.0
2015-07-26T11:01:19,30.0
2015-07-26T11:23:06,30.0
2015-07-26T12:02:11,30.0
2015-07-26T12:28:47,28.0
2015-07-26T13:07:02,20.0
2015-07-26T13:25:24,25.0
2015-07-26T13:48:35,30.0
2015-07-26T14:24:41,30.0
2015-07-26T14:49:35,30.0
2015-07-26T15:26:18,28.0
2015-07-26T15:45:11,27.0
2015-07-26T16:06:03,30.0
2015-07-26T16:46:36,30.0
2015-07-26T17:08:34,30.0
2015-07-26T17:44:55,30.0
2015-07-26T18:06:11,30.0
2015-07-26T18:24:33,42.0
2015-07-26T19:02:21,34.0
2015-07-26T19:22:00,30.0
2015-07-26T20:03:19,30.0
2015-07-26T20:28:03,19.0
2015-07-26T22:00:57,30.0
2015-07-26T00:01:22,31.0
2015-07-26T00:16:59,43.0
2015-07-26T06:20:15,30.0
2015-07-26T06:44:37,30.0
2015-07-26T06:59:33,30.0
2015-07-26T07:37:26,30.0
2015-07-26T08:20:45,30.0
2015-07-26T08:39:42,30.0
2015-07-26T08:59:21,30.0
2015-07-26T09:41:07,23.0
2015-07-26T09:59:09,30.0
2015-07-27T10:20:18,30.0
2015-07-27T10:41:35,29.0
2015-07-27T11:23:45,30.0
2015-07-27T11:56:42,27.0
2015-07-27T13:03:28,30.0
2015-07-27T13:19:59,26.0
2015-07-27T14:03:01,39.0
2015-07-27T14:47:31,67.0
2015-07-27T15:48:22,40.0
2015-07-27T15:59:59,31.0
2015-07-27T16:43:27,34.0
2015-07-27T17:20:03,30.0
2015-07-27T18:20:35,37.0
2015-07-27T18:41:36,30.0
2015-07-27T19:21:24,30.0
2015-07-27T19:57:39,26.0
2015-07-27T21:01:19,41.0
2015-07-27T21:31:39,30.0
2015-07-27T23:28:44,30.0
2015-07-27T05:59:07,30.0
2015-07-27T06:36:53,30.0
2015-07-27T07:42:13,32.0
2015-07-27T08:01:57,30.0
2015-07-27T08:37:44,30.0
2015-07-27T09:23:12,35.0
2015-07-28T10:19:23,26.0
2015-07-28T10:42:42,24.0
2015-07-28T10:55:50,27.0
2015-07-28T11:20:35,30.0
2015-07-28T11:58:21,30.0
2015-07-28T12:21:22,26.0
2015-07-28T12:35:53,41.0
2015-07-28T12:57:30,30.0
2015-07-28T13:18:14,31.0
2015-07-28T13:37:23,28.0
2015-07-28T14:01:16,33.0
2015-07-28T14:38:44,30.0
2015-07-28T15:05:00,30.0
2015-07-28T15:23:00,34.0
2015-07-28T15:41:34,30.0
2015-07-28T15:59:35,35.0
2015-07-28T16:35:10,33.0
2015-07-28T16:43:58,30.0
2015-07-28T17:21:17,25.0
2015-07-28T17:40:54,30.0
2015-07-28T17:57:47,30.0
2015-07-28T18:20:49,50.0
2015-07-28T18:38:12,30.0
2015-07-28T18:58:31,30.0
2015-07-28T19:22:04,30.0
2015-07-28T19:58:09,28.0
2015-07-28T20:27:39,32.0
2015-07-28T21:03:45,30.0
2015-07-28T21:29:07,37.0
2015-07-28T21:51:29,24.0
2015-07-28T22:29:46,30.0
2015-07-28T23:05:08,30.0
2015-07-28T23:29:29,26.0
2015-07-28T23:50:01,29.0
2015-07-28T05:59:41,36.0
2015-07-28T06:40:25,30.0
2015-07-28T07:01:38,29.0
2015-07-28T07:20:04,32.0
2015-07-28T07:47:05,37.0
2015-07-28T08:02:11,32.0
2015-07-28T08:23:00,30.0
2015-07-28T08:42:04,34.0
2015-07-28T09:20:11,39.0
2015-07-28T09:39:17,28.0
2015-07-28T09:58:49,43.0
2015-07-29T10:25:27,30.0
2015-07-29T10:41:05,25.0
2015-07-29T10:56:01,30.0
2015-07-29T11:21:50,30.0
2015-07-29T11:39:45,28.0
2015-07-29T11:58:24,25.0
2015-07-29T12:21:12,30.0
2015-07-29T12:38:26,34.0
2015-07-29T12:55:50,23.0
2015-07-29T13:20:42,49.0
2015-07-29T13:37:25,39.0
2015-07-29T14:02:46,28.0
2015-07-29T14:18:52,23.0
2015-07-29T14:40:11,32.0
2015-07-29T15:03:48,30.0
2015-07-29T15:24:39,38.0
2015-07-29T15:47:01,46.0
2015-07-29T15:59:52,44.0
2015-07-29T16:23:34,30.0
2015-07-29T16:42:42,30.0
2015-07-29T17:00:57,30.0
2015-07-29T17:22:44,32.0
2015-07-29T17:41:27,19.0
2015-07-29T18:00:16,30.0
2015-07-29T18:27:03,30.0
2015-07-29T18:40:11,30.0
2015-07-29T18:59:44,30.0
2015-07-29T19:40:25,42.0
2015-07-29T19:58:43,42.0
2015-07-29T20:27:50,41.0
2015-07-29T21:59:10,30.0
2015-07-29T22:28:28,19.0
2015-07-29T23:59:53,30.0
2015-07-29T00:29:53,30.0
2015-07-29T05:57:52,34.0
2015-07-29T06:18:40,43.0
2015-07-29T06:41:39,40.0
2015-07-29T07:11:57,28.0
2015-07-29T07:45:57,44.0
2015-07-29T08:01:30,30.0
2015-07-29T08:37:29,30.0
2015-07-29T09:00:40,33.0
2015-07-29T09:29:38,30.0
2015-07-29T09:39:26,27.0
2015-07-29T09:57:37,30.0
2015-07-30T10:26:43,37.0
2015-07-30T10:42:24,30.0
2015-07-30T10:59:05,52.0
2015-07-30T11:21:03,25.0
2015-07-30T11:59:20,24.0
2015-07-30T12:21:19,36.0
2015-07-30T12:38:27,58.0
2015-07-30T12:59:50,28.0
2015-07-30T13:21:59,29.0
2015-07-30T13:40:12,30.0
2015-07-30T14:03:07,33.0
2015-07-30T14:39:33,28.0
2015-07-30T15:03:46,30.0
2015-07-30T15:20:04,35.0
2015-07-30T15:40:56,33.0
2015-07-30T15:58:52,46.0
2015-07-30T16:22:42,33.0
2015-07-30T16:42:55,30.0
2015-07-30T17:19:54,30.0
2015-07-30T17:38:12,28.0
2015-07-30T17:58:13,33.0
2015-07-30T18:36:41,30.0
2015-07-30T19:02:39,30.0
2015-07-30T19:57:32,39.0
2015-07-30T20:27:42,35.0
2015-07-30T21:57:45,30.0
2015-07-30T22:31:09,20.0
2015-07-30T23:58:49,29.0
2015-07-30T00:27:29,25.0
2015-07-30T05:58:41,30.0
2015-07-30T06:38:21,44.0
2015-07-30T07:00:25,30.0
2015-07-30T07:19:39,30.0
2015-07-30T07:41:28,30.0
2015-07-30T08:21:30,60.0
2015-07-30T08:39:45,29.0
2015-07-30T09:23:20,31.0
2015-07-30T09:41:01,27.0
2015-07-30T09:57:37,30.0
2015-07-31T10:20:14,32.0
2015-07-31T10:39:50,30.0
2015-07-31T10:58:13,34.0
2015-07-31T11:19:08,25.0
2015-07-31T11:39:33,29.0
2015-07-31T11:58:35,37.0
2015-07-31T12:39:50,28.0
2015-07-31T12:56:51,28.0
2015-07-31T13:20:41,41.0
2015-07-31T13:41:44,29.0
2015-07-31T14:00:10,32.0
2015-07-31T14:22:06,35.0
2015-07-31T14:39:52,30.0
2015-07-31T15:23:05,30.0
2015-07-31T16:03:10,44.0
2015-07-31T16:24:58,36.0
2015-07-31T16:41:55,30.0
2015-07-31T17:05:09,30.0
2015-07-31T17:18:01,30.0
2015-07-31T17:39:19,30.0
2015-07-31T17:59:13,34.0
2015-07-31T18:26:52,36.0
2015-07-31T18:39:01,30.0
2015-07-31T18:59:23,32.0
2015-07-31T19:22:12,30.0
2015-07-31T19:40:25,19.0
2015-07-31T19:57:45,31.0
2015-07-31T20:27:55,24.0
2015-07-31T21:05:49,42.0
2015-07-31T21:33:11,30.0
2015-07-31T22:29:45,30.0
2015-07-31T23:30:14,30.0
2015-07-31T00:29:25,38.0
2015-07-31T06:00:07,30.0
2015-07-31T06:42:10,30.0
2015-07-31T07:00:57,31.0
2015-07-31T07:19:51,31.0
2015-07-31T08:05:17,30.0
2015-07-31T08:22:42,31.0
2015-07-31T08:41:36,33.0
2015-07-31T09:02:55,30.0
2015-07-31T09:18:09,61.0
2015-07-31T10:00:16,46.0
2015-08-01T10:23:53,31.0
2015-08-01T10:38:42,19.0
2015-08-01T11:04:17,30.0
2015-08-01T11:23:18,31.0
2015-08-01T11:41:09,34.0
2015-08-01T12:06:13,25.0
2015-08-01T12:50:19,45.0
2015-08-01T13:04:33,28.0
2015-08-01T13:27:09,40.0
2015-08-01T13:44:31,30.0
2015-08-01T14:00:35,32.0
2015-08-01T14:25:47,30.0
2015-08-01T15:08:13,43.0
2015-08-01T15:25:50,30.0
2015-08-01T15:44:23,31.0
2015-08-01T16:05:39,29.0
2015-08-01T16:22:25,30.0
2015-08-01T16:48:22,34.0
2015-08-01T17:29:09,30.0
2015-08-01T17:44:24,30.0
2015-08-01T18:07:24,30.0
2015-08-01T18:26:24,34.0
2015-08-01T18:43:01,32.0
2015-08-01T19:17:29,31.0
2015-08-01T19:44:27,45.0
2015-08-01T20:04:12,30.0
2015-08-01T20:31:43,31.0
2015-08-01T20:59:03,30.0
2015-08-01T22:34:11,30.0
2015-08-01T22:58:50,27.0
2015-08-01T23:38:01,28.0
2015-08-01T00:34:35,16.0
2015-08-01T05:57:34,30.0
2015-08-01T06:37:11,30.0
2015-08-01T07:01:15,30.0
2015-08-01T07:16:22,34.0
2015-08-01T08:00:59,32.0
2015-08-01T08:17:48,30.0
2015-08-01T08:37:52,30.0
2015-08-01T09:01:14,30.0
2015-08-01T09:17:38,30.0
2015-08-01T09:41:11,24.0
2015-08-02T10:38:04,36.0
2015-08-02T11:00:47,31.0
2015-08-02T12:30:20,31.0
2015-08-02T13:04:42,30.0
2015-08-02T13:26:03,24.0
2015-08-02T14:46:21,19.0
2015-08-02T15:28:24,30.0
2015-08-02T15:47:23,30.0
2015-08-02T17:06:19,45.0
2015-08-02T17:45:24,33.0
2015-08-02T19:29:17,30.0
2015-08-02T20:03:06,30.0
2015-08-02T22:28:27,30.0
2015-08-02T00:28:17,30.0
2015-08-02T06:18:23,27.0
2015-08-02T06:40:36,30.0
2015-08-02T07:37:45,31.0
2015-08-02T08:19:41,30.0
2015-08-02T08:40:14,30.0
2015-08-02T09:57:53,30.0
2015-08-03T11:00:28,42.0
2015-08-03T11:19:54,29.0
2015-08-03T12:20:02,29.0
2015-08-03T13:37:53,26.0
2015-08-03T14:00:08,30.0
2015-08-03T14:40:09,30.0
2015-08-03T15:05:50,30.0
2015-08-03T16:32:18,30.0
2015-08-03T17:19:48,30.0
2015-08-03T17:41:51,47.0
2015-08-03T19:11:59,31.0
2015-08-03T19:57:29,38.0
2015-08-03T21:32:11,30.0
2015-08-03T22:41:23,30.0
2015-08-03T23:28:57,30.0
2015-08-03T23:58:46,31.0
2015-08-03T00:28:32,30.0
2015-08-03T05:58:43,30.0
2015-08-03T06:40:26,33.0
2015-08-03T06:57:04,30.0
2015-08-03T08:07:41,30.0
2015-08-03T08:37:44,28.0
2015-08-03T09:31:25,24.0
2015-08-04T10:24:09,45.0
2015-08-04T10:57:20,35.0
2015-08-04T11:20:52,27.0
2015-08-04T11:56:47,35.0
2015-08-04T12:21:16,39.0
2015-08-04T12:36:57,27.0
2015-08-04T13:02:52,30.0
2015-08-04T13:21:34,43.0
2015-08-04T13:35:23,35.0
2015-08-04T14:01:41,30.0
2015-08-04T14:40:31,60.0
2015-08-04T14:59:48,44.0
2015-08-04T15:22:44,30.0
2015-08-04T15:41:43,33.0
2015-08-04T16:01:28,30.0
2015-08-04T16:22:09,30.0
2015-08-04T16:42:10,30.0
2015-08-04T17:18:51,31.0
2015-08-04T17:40:29,30.0
2015-08-04T17:58:12,37.0
2015-08-04T18:20:48,28.0
2015-08-04T18:40:08,30.0
2015-08-04T18:59:47,30.0
2015-08-04T19:19:29,30.0
2015-08-04T20:00:00,29.0
2015-08-04T20:29:04,38.0
2015-08-04T20:59:18,44.0
2015-08-04T21:29:59,30.0
2015-08-04T22:58:28,28.0
2015-08-04T23:29:50,30.0
2015-08-04T00:36:20,29.0
2015-08-04T05:57:26,30.0
2015-08-04T06:39:11,35.0
2015-08-04T07:02:14,28.0
2015-08-04T07:19:25,30.0
2015-08-04T07:42:46,38.0
2015-08-04T08:10:46,47.0
2015-08-04T08:21:06,29.0
2015-08-04T08:40:17,37.0
2015-08-04T09:20:50,33.0
2015-08-04T09:40:46,30.0
2015-08-04T10:00:17,30.0
2015-08-05T10:58:35,34.0
2015-08-05T12:21:24,30.0
2015-08-05T12:38:02,35.0
2015-08-05T13:03:44,31.0
2015-08-05T13:30:02,31.0
2015-08-05T14:59:52,30.0
2015-08-05T15:24:02,30.0
2015-08-05T15:42:55,43.0
2015-08-05T16:24:11,30.0
2015-08-05T17:40:07,30.0
2015-08-05T17:58:53,31.0
2015-08-05T18:20:37,28.0
2015-08-05T19:02:40,30.0
2015-08-05T20:27:48,26.0
2015-08-05T20:56:13,30.0
2015-08-05T21:59:00,30.0
2015-08-05T22:28:46,28.0
2015-08-05T22:59:02,30.0
2015-08-05T23:58:51,20.0
2015-08-05T07:01:50,30.0
2015-08-05T07:21:00,30.0
2015-08-05T08:21:50,35.0
2015-08-05T09:39:25,27.0
2015-08-05T10:02:23,25.0
2015-08-06T10:39:47,30.0
2015-08-06T10:59:50,31.0
2015-08-06T11:19:20,30.0
2015-08-06T11:57:51,40.0
2015-08-06T12:21:09,30.0
2015-08-06T12:39:14,36.0
2015-08-06T13:22:10,34.0
2015-08-06T13:40:01,31.0
2015-08-06T13:59:43,32.0
2015-08-06T14:41:47,36.0
2015-08-06T15:00:10,31.0
2015-08-06T15:25:50,41.0
2015-08-06T16:06:12,32.0
2015-08-06T16:21:31,30.0
2015-08-06T16:41:34,30.0
2015-08-06T17:10:22,27.0
2015-08-06T17:57:17,31.0
2015-08-06T18:41:06,30.0
2015-08-06T19:01:30,30.0
2015-08-06T19:20:43,23.0
2015-08-06T19:47:11,30.0
2015-08-06T20:29:11,40.0
2015-08-06T21:28:21,26.0
2015-08-06T21:58:29,24.0
2015-08-06T23:28:35,19.0
2015-08-06T23:55:45,24.0
2015-08-06T06:37:43,40.0
2015-08-06T07:05:44,32.0
2015-08-06T07:19:57,30.0
2015-08-06T08:07:10,54.0
2015-08-06T08:22:05,30.0
2015-08-06T08:40:30,32.0
2015-08-06T09:20:23,30.0
2015-08-06T09:40:24,28.0
2015-08-06T09:57:28,24.0
2015-08-07T10:25:01,30.0
2015-08-07T10:40:04,29.0
2015-08-07T11:21:08,22.0
2015-08-07T11:38:58,32.0
2015-08-07T11:59:55,38.0
2015-08-07T12:19:20,46.0
2015-08-07T12:39:21,30.0
2015-08-07T12:57:04,25.0
2015-08-07T13:16:28,32.0
2015-08-07T14:01:41,30.0
2015-08-07T14:18:17,44.0
2015-08-07T14:39:55,31.0
2015-08-07T15:00:57,34.0
2015-08-07T15:21:25,77.0
2015-08-07T15:42:58,32.0
2015-08-07T16:00:26,37.0
2015-08-07T16:42:25,30.0
2015-08-07T17:00:45,50.0
2015-08-07T17:18:23,29.0
2015-08-07T17:59:18,35.0
2015-08-07T18:20:52,60.0
2015-08-07T18:38:16,30.0
2015-08-07T19:20:56,30.0
2015-08-07T19:40:28,30.0
2015-08-07T19:58:02,32.0
2015-08-07T20:28:10,31.0
2015-08-07T21:00:24,30.0
2015-08-07T21:30:41,30.0
2015-08-07T21:57:48,30.0
2015-08-07T22:32:11,30.0
2015-08-07T22:59:23,30.0
2015-08-07T23:31:18,30.0
2015-08-07T23:59:30,30.0
2015-08-07T05:57:31,31.0
2015-08-07T06:17:26,31.0
2015-08-07T06:38:06,30.0
2015-08-07T07:00:15,44.0
2015-08-07T07:42:59,38.0
2015-08-07T08:05:05,38.0
2015-08-07T08:40:06,34.0
2015-08-07T09:00:20,30.0
2015-08-07T09:17:15,53.0
2015-08-07T09:40:36,32.0
2015-08-08T10:19:27,31.0
2015-08-08T10:38:09,31.0
2015-08-08T11:01:38,30.0
2015-08-08T11:24:16,30.0
2015-08-08T11:42:52,28.0
2015-08-08T12:03:04,32.0
2015-08-08T12:25:19,30.0
2015-08-08T12:56:08,31.0
2015-08-08T13:04:22,30.0
2015-08-08T13:26:40,31.0
2015-08-08T13:45:38,36.0
2015-08-08T14:05:47,37.0
2015-08-08T14:25:23,43.0
2015-08-08T14:47:12,30.0
2015-08-08T15:06:23,30.0
2015-08-08T15:25:32,38.0
2015-08-08T15:45:49,32.0
2015-08-08T16:06:27,30.0
2015-08-08T16:24:16,30.0
2015-08-08T16:55:06,44.0
2015-08-08T17:31:46,30.0
2015-08-08T17:44:51,30.0
2015-08-08T18:07:33,30.0
2015-08-08T18:25:02,30.0
2015-08-08T18:47:14,30.0
2015-08-08T19:17:23,30.0
2015-08-08T19:21:44,30.0
2015-08-08T20:03:08,30.0
2015-08-08T20:28:53,30.0
2015-08-08T20:59:54,32.0
2015-08-08T21:58:57,25.0
2015-08-08T22:31:00,30.0
2015-08-08T23:04:34,30.0
2015-08-08T23:39:31,30.0
2015-08-08T23:57:52,23.0
2015-08-08T00:31:25,30.0
2015-08-08T06:02:53,20.0
2015-08-08T06:36:37,30.0
2015-08-08T06:59:29,32.0
2015-08-08T07:18:54,28.0
2015-08-08T07:39:17,43.0
2015-08-08T08:03:31,30.0
2015-08-08T08:19:23,43.0
2015-08-08T08:39:22,31.0
2015-08-08T09:00:01,30.0
2015-08-08T09:18:37,42.0
2015-08-08T09:42:11,60.0
2015-08-08T10:09:51,30.0
2015-08-09T10:41:03,30.0
2015-08-09T11:01:18,32.0
2015-08-09T11:23:35,28.0
2015-08-09T11:39:25,33.0
2015-08-09T12:08:44,23.0
2015-08-09T12:28:25,36.0
2015-08-09T13:04:25,30.0
2015-08-09T13:29:23,24.0
2015-08-09T13:44:55,31.0
2015-08-09T14:05:24,33.0
2015-08-09T14:25:16,30.0
2015-08-09T14:50:19,26.0
2015-08-09T15:23:15,35.0
2015-08-09T15:45:39,33.0
2015-08-09T16:04:55,30.0
2015-08-09T16:26:35,30.0
2015-08-09T16:43:16,31.0
2015-08-09T17:10:26,30.0
2015-08-09T17:44:45,30.0
2015-08-09T18:05:20,22.0
2015-08-09T18:25:24,30.0
2015-08-09T18:45:20,26.0
2015-08-09T19:04:30,30.0
2015-08-09T20:05:49,28.0
2015-08-09T20:31:15,29.0
2015-08-09T21:00:15,30.0
2015-08-09T21:27:21,27.0
2015-08-09T21:58:41,30.0
2015-08-09T22:59:56,33.0
2015-08-09T23:28:40,30.0
2015-08-09T23:57:01,27.0
2015-08-09T00:31:13,20.0
2015-08-09T06:38:30,19.0
2015-08-09T06:59:49,30.0
2015-08-09T07:16:54,30.0
2015-08-09T07:42:09,30.0
2015-08-09T08:19:02,30.0
2015-08-09T08:40:23,31.0
2015-08-09T08:59:15,30.0
2015-08-09T09:19:50,30.0
2015-08-09T09:38:08,30.0
2015-08-09T09:59:41,35.0
2015-08-10T10:17:35,17.0
2015-08-10T10:40:53,30.0
2015-08-10T11:19:30,18.0
2015-08-10T12:03:45,43.0
2015-08-10T12:22:10,36.0
2015-08-10T12:37:04,28.0
2015-08-10T13:01:50,30.0
2015-08-10T13:17:34,30.0
2015-08-10T14:01:22,37.0
2015-08-10T14:39:53,30.0
2015-08-10T14:58:42,30.0
2015-08-10T15:21:09,35.0
2015-08-10T15:42:06,45.0
2015-08-10T15:59:06,30.0
2015-08-10T16:40:23,30.0
2015-08-10T17:19:51,30.0
2015-08-10T17:42:50,57.0
2015-08-10T17:58:13,30.0
2015-08-10T18:18:59,30.0
2015-08-10T18:47:25,31.0
2015-08-10T19:22:30,30.0
2015-08-10T19:56:52,36.0
2015-08-10T20:27:13,34.0
2015-08-10T20:56:32,44.0
2015-08-10T21:28:26,23.0
2015-08-10T22:01:10,19.0
2015-08-10T22:28:54,33.0
2015-08-10T22:54:46,32.0
2015-08-10T23:30:50,30.0
2015-08-10T23:56:21,41.0
2015-08-10T06:01:57,42.0
2015-08-10T06:40:08,34.0
2015-08-10T06:59:39,30.0
2015-08-10T07:21:26,35.0
2015-08-10T08:11:59,32.0
2015-08-10T08:40:07,30.0
2015-08-10T09:19:33,27.0
2015-08-10T09:40:03,30.0
2015-08-10T09:57:49,34.0
2015-08-11T10:21:27,19.0
2015-08-11T10:40:48,30.0
2015-08-11T11:56:19,38.0
2015-08-11T12:21:26,31.0
2015-08-11T12:36:21,30.0
2015-08-11T13:06:06,74.0
2015-08-11T13:18:05,28.0
2015-08-11T14:39:29,30.0
2015-08-11T15:00:30,30.0
2015-08-11T15:24:02,48.0
2015-08-11T15:38:31,39.0
2015-08-11T16:00:02,30.0
2015-08-11T17:17:55,40.0
2015-08-11T17:43:33,30.0
2015-08-11T17:57:23,30.0
2015-08-11T18:21:44,30.0
2015-08-11T18:41:34,30.0
2015-08-11T19:47:34,24.0
2015-08-11T20:29:40,33.0
2015-08-11T20:58:44,30.0
2015-08-11T21:59:30,30.0
2015-08-11T22:28:20,30.0
2015-08-11T22:58:07,26.0
2015-08-11T23:59:52,30.0
2015-08-11T00:29:46,30.0
2015-08-11T06:42:54,36.0
2015-08-11T07:02:25,25.0
2015-08-11T07:23:30,30.0
2015-08-11T07:44:11,28.0
2015-08-11T08:04:51,30.0
2015-08-11T09:19:13,35.0
2015-08-11T09:40:22,30.0
2015-08-11T09:58:55,36.0
2015-08-12T10:22:19,30.0
2015-08-12T10:43:15,47.0
2015-08-12T10:58:04,35.0
2015-08-12T11:20:45,30.0
2015-08-12T12:20:47,31.0
2015-08-12T12:37:07,56.0
2015-08-12T13:01:55,30.0
2015-08-12T13:21:38,29.0
2015-08-12T13:37:28,30.0
2015-08-12T14:00:11,45.0
2015-08-12T14:59:59,36.0
2015-08-12T15:22:48,30.0
2015-08-12T15:40:25,36.0
2015-08-12T16:01:07,30.0
2015-08-12T16:24:18,24.0
2015-08-12T16:44:06,33.0
2015-08-12T17:42:39,31.0
2015-08-12T18:01:12,32.0
2015-08-12T18:19:44,30.0
2015-08-12T18:41:15,28.0
2015-08-12T19:01:04,32.0
2015-08-12T19:57:02,31.0
2015-08-12T20:57:38,30.0
2015-08-12T21:57:32,30.0
2015-08-12T22:28:29,36.0
2015-08-12T22:57:13,32.0
2015-08-12T23:28:32,30.0
2015-08-12T23:57:18,24.0
2015-08-12T00:28:25,19.0
2015-08-12T05:57:47,30.0
2015-08-12T07:00:46,27.0
2015-08-12T07:19:46,33.0
2015-08-12T07:44:03,36.0
2015-08-12T08:08:55,37.0
2015-08-12T08:25:50,23.0
2015-08-12T08:40:43,47.0
2015-08-12T09:41:20,30.0
2015-08-12T09:59:19,35.0
2015-08-13T10:27:04,30.0
2015-08-13T11:01:07,31.0
2015-08-13T11:20:30,30.0
2015-08-13T11:57:43,26.0
2015-08-13T12:21:46,35.0
2015-08-13T12:40:56,30.0
2015-08-13T13:08:07,30.0
2015-08-13T13:41:18,19.0
2015-08-13T14:00:09,37.0
2015-08-13T14:40:09,30.0
2015-08-13T15:05:25,30.0
2015-08-13T15:25:35,30.0
2015-08-13T15:40:15,45.0
2015-08-13T16:20:45,31.0
2015-08-13T16:42:35,32.0
2015-08-13T17:19:10,24.0
2015-08-13T17:42:24,36.0
2015-08-13T17:58:41,31.0
2015-08-13T18:20:18,30.0
2015-08-13T19:02:03,30.0
2015-08-13T19:20:56,30.0
2015-08-13T20:28:57,30.0
2015-08-13T20:57:14,30.0
2015-08-13T21:30:11,30.0
2015-08-13T22:28:45,28.0
2015-08-13T22:58:03,41.0
2015-08-13T23:28:43,28.0
2015-08-13T00:28:26,27.0
2015-08-13T06:00:29,30.0
2015-08-13T06:42:39,31.0
2015-08-13T07:01:34,29.0
2015-08-13T07:21:33,30.0
2015-08-13T07:46:34,44.0
2015-08-13T08:23:41,28.0
2015-08-13T08:38:24,30.0
2015-08-13T09:20:34,48.0
2015-08-13T09:40:06,28.0
2015-08-13T10:00:49,44.0
2015-08-14T10:25:27,26.0
2015-08-14T10:42:00,39.0
2015-08-14T11:01:16,21.0
2015-08-14T11:19:15,29.0
2015-08-14T11:59:45,36.0
2015-08-14T12:21:10,22.0
2015-08-14T12:39:50,30.0
2015-08-14T13:03:59,33.0
2015-08-14T13:21:05,30.0
2015-08-14T14:01:17,28.0
2015-08-14T14:39:56,30.0
2015-08-14T15:04:30,30.0
2015-08-14T15:26:36,35.0
2015-08-14T15:39:02,30.0
2015-08-14T16:00:53,33.0
2015-08-14T16:19:29,30.0
2015-08-14T16:42:50,30.0
2015-08-14T17:24:51,30.0
2015-08-14T17:39:35,27.0
2015-08-14T18:00:21,30.0
2015-08-14T18:17:50,30.0
2015-08-14T18:38:13,30.0
2015-08-14T19:01:42,30.0
2015-08-14T19:21:00,30.0
2015-08-14T19:58:00,26.0
2015-08-14T20:29:01,31.0
2015-08-14T20:56:42,31.0
2015-08-14T21:29:25,31.0
2015-08-14T21:58:03,31.0
2015-08-14T22:27:58,29.0
2015-08-14T22:56:32,32.0
2015-08-14T23:31:53,30.0
2015-08-14T23:58:15,30.0
2015-08-14T00:28:33,18.0
2015-08-14T05:58:09,35.0
2015-08-14T06:38:22,33.0
2015-08-14T06:59:50,31.0
2015-08-14T07:21:32,34.0
2015-08-14T07:39:45,30.0
2015-08-14T08:02:50,54.0
2015-08-14T08:18:13,36.0
2015-08-14T08:40:37,35.0
2015-08-14T09:18:13,37.0
2015-08-14T09:40:23,32.0
2015-08-14T10:00:22,30.0
2015-08-15T10:28:38,27.0
2015-08-15T10:44:27,25.0
2015-08-15T11:00:02,31.0
2015-08-15T12:28:30,26.0
2015-08-15T12:51:53,30.0
2015-08-15T13:02:50,30.0
2015-08-15T13:47:37,31.0
2015-08-15T14:24:18,23.0
2015-08-15T14:55:13,30.0
2015-08-15T15:09:09,28.0
2015-08-15T15:29:25,30.0
2015-08-15T15:47:06,30.0
2015-08-15T16:06:29,32.0
2015-08-15T16:53:10,36.0
2015-08-15T17:26:10,30.0
2015-08-15T17:45:11,29.0
2015-08-15T18:07:01,31.0
2015-08-15T18:31:17,30.0
2015-08-15T19:15:38,34.0
2015-08-15T19:22:00,30.0
2015-08-15T19:41:08,30.0
2015-08-15T20:03:56,44.0
2015-08-15T20:30:01,27.0
2015-08-15T21:58:27,31.0
2015-08-15T22:32:25,32.0
2015-08-15T23:30:13,32.0
2015-08-15T23:57:47,28.0
2015-08-15T00:26:28,23.0
2015-08-15T05:58:23,31.0
2015-08-15T06:37:43,30.0
2015-08-15T06:58:29,30.0
2015-08-15T07:19:00,29.0
2015-08-15T07:39:46,30.0
2015-08-15T08:01:27,34.0
2015-08-15T08:20:10,44.0
2015-08-15T08:40:14,33.0
2015-08-15T09:01:35,42.0
2015-08-15T09:28:28,24.0
2015-08-15T10:00:19,30.0
2015-08-16T10:39:41,30.0
2015-08-16T11:00:37,55.0
2015-08-16T11:19:27,31.0
2015-08-16T11:45:04,30.0
2015-08-16T12:04:44,19.0
2015-08-16T12:27:57,32.0
2015-08-16T13:06:47,30.0
2015-08-16T13:31:15,25.0
2015-08-16T13:44:50,23.0
2015-08-16T14:07:21,30.0
2015-08-16T14:23:32,42.0
2015-08-16T14:46:31,30.0
2015-08-16T15:23:54,36.0
2015-08-16T15:54:16,29.0
2015-08-16T16:05:16,25.0
2015-08-16T16:24:57,27.0
2015-08-16T16:43:22,29.0
2015-08-16T17:12:19,31.0
2015-08-16T17:47:11,30.0
2015-08-16T18:08:56,25.0
2015-08-16T18:45:34,30.0
2015-08-16T19:03:29,25.0
2015-08-16T19:24:44,30.0
2015-08-16T20:03:59,19.0
2015-08-16T20:31:37,34.0
2015-08-16T21:02:18,31.0
2015-08-16T21:26:49,30.0
2015-08-16T21:58:56,30.0
2015-08-16T22:29:44,30.0
2015-08-16T22:59:11,33.0
2015-08-16T23:26:03,30.0
2015-08-16T23:58:23,31.0
2015-08-16T00:30:51,30.0
2015-08-16T06:43:07,30.0
2015-08-16T07:22:52,29.0
2015-08-16T07:45:30,30.0
2015-08-16T08:19:31,30.0
2015-08-16T08:39:58,45.0
2015-08-16T08:58:16,30.0
2015-08-16T09:21:16,32.0
2015-08-16T09:42:25,19.0
2015-08-16T10:04:38,34.0
2015-08-17T10:21:20,30.0
2015-08-17T10:44:19,21.0
2015-08-17T10:56:14,40.0
2015-08-17T11:20:42,45.0
2015-08-17T11:59:23,30.0
2015-08-17T12:21:19,43.0
2015-08-17T12:38:28,30.0
2015-08-17T13:01:22,30.0
2015-08-17T13:19:13,30.0
2015-08-17T13:37:18,42.0
2015-08-17T14:01:39,30.0
2015-08-17T14:42:55,58.0
2015-08-17T14:59:58,30.0
2015-08-17T15:24:16,27.0
2015-08-17T15:42:42,53.0
2015-08-17T16:00:47,29.0
2015-08-17T16:19:44,30.0
2015-08-17T16:47:10,41.0
2015-08-17T17:25:34,30.0
2015-08-17T17:40:22,30.0
2015-08-17T17:59:24,36.0
2015-08-17T18:22:16,31.0
2015-08-17T18:40:40,30.0
2015-08-17T18:59:55,30.0
2015-08-17T19:20:58,30.0
2015-08-17T19:59:08,31.0
2015-08-17T20:28:59,31.0
2015-08-17T20:48:42,31.0
2015-08-17T21:27:37,30.0
2015-08-17T22:59:18,30.0
2015-08-17T00:26:50,33.0
2015-08-17T06:39:03,41.0
2015-08-17T07:01:41,33.0
2015-08-17T07:19:43,37.0
2015-08-17T07:39:48,30.0
2015-08-17T08:02:20,40.0
2015-08-17T08:21:58,34.0
2015-08-17T08:40:07,36.0
2015-08-17T09:26:38,30.0
2015-08-17T09:39:29,38.0
2015-08-17T09:59:34,30.0
2015-08-18T10:28:24,34.0
2015-08-18T10:44:31,30.0
2015-08-18T10:54:54,30.0
2015-08-18T11:20:15,30.0
2015-08-18T11:58:51,30.0
2015-08-18T12:19:01,47.0
2015-08-18T12:36:14,23.0
2015-08-18T12:57:31,30.0
2015-08-18T13:20:47,27.0
2015-08-18T13:39:55,30.0
2015-08-18T14:01:49,30.0
2015-08-18T14:55:30,32.0
2015-08-18T15:23:00,33.0
2015-08-18T15:45:09,27.0
2015-08-18T16:01:40,47.0
2015-08-18T16:20:35,32.0
2015-08-18T16:42:55,30.0
2015-08-18T17:41:31,30.0
2015-08-18T18:00:52,41.0
2015-08-18T18:24:12,52.0
2015-08-18T18:40:09,42.0
2015-08-18T19:00:41,68.0
2015-08-18T19:21:26,30.0
2015-08-18T20:27:44,30.0
2015-08-18T20:57:45,30.0
2015-08-18T21:31:52,30.0
2015-08-18T22:01:06,30.0
2015-08-18T22:59:19,25.0
2015-08-18T23:28:58,30.0
2015-08-18T06:01:29,43.0
2015-08-18T06:42:17,34.0
2015-08-18T06:57:03,47.0
2015-08-18T07:20:39,29.0
2015-08-18T07:44:08,30.0
2015-08-18T08:26:58,27.0
2015-08-18T08:40:18,37.0
2015-08-18T09:16:51,30.0
2015-08-18T09:39:38,33.0
2015-08-18T09:58:03,33.0
2015-08-19T10:21:08,59.0
2015-08-19T10:40:42,28.0
2015-08-19T10:56:37,43.0
2015-08-19T11:18:15,30.0
2015-08-19T11:39:57,30.0
2015-08-19T11:58:01,30.0
2015-08-19T12:19:29,30.0
2015-08-19T12:38:35,32.0
2015-08-19T12:56:12,23.0
2015-08-19T13:20:47,28.0
2015-08-19T13:37:52,17.0
2015-08-19T14:01:08,45.0
2015-08-19T14:19:46,30.0
2015-08-19T14:51:11,32.0
2015-08-19T15:23:32,31.0
2015-08-19T15:40:01,31.0
2015-08-19T16:01:45,30.0
2015-08-19T16:20:44,31.0
2015-08-19T16:43:06,31.0
2015-08-19T17:40:51,29.0
2015-08-19T17:57:30,32.0
2015-08-19T18:17:59,30.0
2015-08-19T18:42:27,30.0
2015-08-19T18:59:41,30.0
2015-08-19T19:21:09,31.0
2015-08-19T20:28:19,33.0
2015-08-19T20:56:12,18.0
2015-08-19T21:28:23,31.0
2015-08-19T21:57:46,17.0
2015-08-19T22:30:03,30.0
2015-08-19T22:59:19,34.0
2015-08-19T23:29:14,31.0
2015-08-19T23:59:00,31.0
2015-08-19T05:57:24,43.0
2015-08-19T06:37:02,39.0
2015-08-19T07:01:46,34.0
2015-08-19T07:19:31,26.0
2015-08-19T07:40:13,28.0
2015-08-19T08:05:07,29.0
2015-08-19T08:22:14,43.0
2015-08-19T08:39:25,30.0
2015-08-19T09:21:58,35.0
2015-08-19T09:38:08,27.0
2015-08-19T09:57:39,45.0
2015-08-20T10:25:07,39.0
2015-08-20T10:41:08,19.0
2015-08-20T10:59:18,30.0
2015-08-20T11:19:04,24.0
2015-08-20T12:24:45,30.0
2015-08-20T12:37:34,30.0
2015-08-20T12:55:48,30.0
2015-08-20T13:20:47,32.0
2015-08-20T13:37:11,56.0
2015-08-20T14:02:27,45.0
2015-08-20T14:59:44,30.0
2015-08-20T15:23:03,30.0
2015-08-20T15:40:00,41.0
2015-08-20T15:58:06,30.0
2015-08-20T16:20:44,30.0
2015-08-20T16:42:23,30.0
2015-08-20T17:51:18,30.0
2015-08-20T18:24:01,30.0
2015-08-20T18:36:51,30.0
2015-08-20T18:58:44,30.0
2015-08-20T19:21:16,31.0
2015-08-20T20:29:40,34.0
2015-08-20T20:57:40,42.0
2015-08-20T21:29:05,30.0
2015-08-20T21:58:01,37.0
2015-08-20T22:29:04,28.0
2015-08-20T23:02:16,30.0
2015-08-20T23:31:31,30.0
2015-08-20T23:59:47,34.0
2015-08-20T00:32:07,30.0
2015-08-20T07:01:45,30.0
2015-08-20T07:15:52,38.0
2015-08-20T07:43:07,33.0
2015-08-20T08:10:20,91.0
2015-08-20T08:23:58,39.0
2015-08-20T08:41:37,30.0
2015-08-20T09:39:38,32.0
2015-08-20T09:58:41,28.0
2015-08-21T10:19:57,32.0
2015-08-21T10:39:29,34.0
2015-08-21T10:57:21,30.0
2015-08-21T11:22:04,40.0
2015-08-21T11:38:23,90.0
2015-08-21T11:59:49,31.0
2015-08-21T12:39:32,31.0
2015-08-21T12:57:30,30.0
2015-08-21T13:17:10,30.0
2015-08-21T13:39:49,29.0
2015-08-21T13:59:05,30.0
2015-08-21T14:19:37,30.0
2015-08-21T14:43:35,30.0
2015-08-21T15:22:20,45.0
2015-08-21T15:42:03,31.0
2015-08-21T15:59:57,30.0
2015-08-21T16:20:45,30.0
2015-08-21T16:42:08,32.0
2015-08-21T17:00:52,34.0
2015-08-21T17:59:07,30.0
2015-08-21T18:19:43,30.0
2015-08-21T18:37:34,30.0
2015-08-21T18:59:51,30.0
2015-08-21T19:21:18,30.0
2015-08-21T19:38:48,36.0
2015-08-21T20:02:21,25.0
2015-08-21T20:27:34,29.0
2015-08-21T20:57:24,30.0
2015-08-21T21:32:03,31.0
2015-08-21T21:58:55,30.0
2015-08-21T22:29:06,26.0
2015-08-21T22:57:51,31.0
2015-08-21T23:28:50,25.0
2015-08-21T23:58:32,20.0
2015-08-21T00:29:45,28.0
2015-08-21T06:20:54,30.0
2015-08-21T06:40:05,34.0
2015-08-21T07:19:20,28.0
2015-08-21T07:38:56,39.0
2015-08-21T08:09:40,44.0
2015-08-21T08:20:16,34.0
2015-08-21T08:42:14,35.0
2015-08-21T09:00:12,29.0
2015-08-21T09:20:10,36.0
2015-08-21T10:01:25,30.0
2015-08-22T11:23:40,30.0
2015-08-22T11:42:14,27.0
2015-08-22T12:05:45,27.0
2015-08-22T12:25:18,33.0
2015-08-22T13:45:30,30.0
2015-08-22T14:05:35,32.0
2015-08-22T14:25:24,25.0
2015-08-22T14:49:38,30.0
2015-08-22T16:09:37,31.0
2015-08-22T16:28:40,42.0
2015-08-22T17:32:18,33.0
2015-08-22T18:24:49,30.0
2015-08-22T18:50:01,30.0
2015-08-22T19:10:31,30.0
2015-08-22T19:20:20,30.0
2015-08-22T20:35:15,30.0
2015-08-22T21:01:25,30.0
2015-08-22T22:00:52,21.0
2015-08-22T22:29:56,23.0
2015-08-22T22:57:27,30.0
2015-08-22T23:56:31,33.0
2015-08-22T00:29:03,18.0
2015-08-22T07:00:51,30.0
2015-08-22T07:18:48,28.0
2015-08-22T07:41:21,37.0
2015-08-22T08:59:34,30.0
2015-08-22T09:23:36,30.0
2015-08-22T09:39:01,27.0
2015-08-22T09:56:38,30.0
2015-08-23T21:59:25,30.0
2015-08-23T22:28:17,20.0
2015-08-23T23:59:33,30.0
2015-08-23T00:27:44,26.0
2015-08-24T10:39:49,23.0
2015-08-24T11:20:08,30.0
2015-08-24T10:59:22,30.0
2015-08-24T11:40:51,30.0
2015-08-24T11:57:55,35.0
2015-08-24T12:18:16,30.0
2015-08-24T12:37:54,39.0
2015-08-24T13:19:29,28.0
2015-08-24T14:00:29,48.0
2015-08-24T13:38:01,30.0
2015-08-24T14:18:30,30.0
2015-08-24T14:40:56,33.0
2015-08-24T15:01:11,28.0
2015-08-24T15:20:07,30.0
2015-08-24T16:00:04,50.0
2015-08-24T16:42:37,35.0
2015-08-24T16:23:40,30.0
2015-08-24T16:57:22,30.0
2015-08-24T17:20:56,31.0
2015-08-24T17:38:24,28.0
2015-08-24T17:58:40,30.0
2015-08-24T18:41:42,35.0
2015-08-24T19:17:45,30.0
2015-08-24T18:59:31,31.0
2015-08-24T19:35:54,30.0
2015-08-24T19:56:51,30.0
2015-08-24T20:29:48,31.0
2015-08-24T22:30:22,30.0
2015-08-24T00:28:26,18.0
2015-08-24T06:21:11,30.0
2015-08-24T06:36:46,37.0
2015-08-24T07:00:20,32.0
2015-08-24T07:19:48,29.0
2015-08-24T08:01:01,43.0
2015-08-24T08:39:50,32.0
2015-08-24T08:20:33,30.0
2015-08-24T09:02:30,42.0
2015-08-24T09:16:29,30.0
2015-08-24T09:40:36,37.0
2015-08-24T09:57:47,29.0
2015-08-25T11:09:36,18.0
2015-08-25T11:58:34,36.0
2015-08-25T12:40:00,30.0
2015-08-25T13:59:51,30.0
2015-08-25T14:39:00,34.0
2015-08-25T15:21:42,29.0
2015-08-25T16:41:57,30.0
2015-08-25T17:18:50,32.0
2015-08-25T17:59:09,31.0
2015-08-25T19:19:41,28.0
2015-08-25T19:59:13,31.0
2015-08-25T20:28:28,37.0
2015-08-25T21:26:51,19.0
2015-08-25T23:29:25,24.0
2015-08-25T00:28:35,30.0
2015-08-25T05:58:14,41.0
2015-08-25T06:35:20,36.0
2015-08-25T07:19:03,29.0
2015-08-25T08:23:42,30.0
2015-08-25T08:39:14,34.0
2015-08-25T09:20:36,35.0
2015-08-25T09:58:46,31.0
2015-08-26T10:18:10,42.0
2015-08-26T10:40:07,34.0
2015-08-26T10:57:06,45.0
2015-08-26T11:18:48,43.0
2015-08-26T12:01:08,36.0
2015-08-26T12:20:03,29.0
2015-08-26T12:37:03,27.0
2015-08-26T12:56:07,30.0
2015-08-26T13:38:18,30.0
2015-08-26T14:00:32,46.0
2015-08-26T14:41:23,39.0
2015-08-26T15:00:51,30.0
2015-08-26T15:23:59,30.0
2015-08-26T15:40:28,30.0
2015-08-26T16:01:25,30.0
2015-08-26T16:18:49,30.0
2015-08-26T16:43:09,34.0
2015-08-26T17:22:31,30.0
2015-08-26T17:40:12,30.0
2015-08-26T17:58:31,30.0
2015-08-26T18:22:43,32.0
2015-08-26T18:39:47,44.0
2015-08-26T19:01:34,29.0
2015-08-26T19:20:27,31.0
2015-08-26T19:56:08,29.0
2015-08-26T20:27:45,30.0
2015-08-26T20:58:51,44.0
2015-08-26T21:29:23,29.0
2015-08-26T22:28:20,30.0
2015-08-26T22:56:44,30.0
2015-08-26T23:28:24,30.0
2015-08-26T00:06:36,30.0
2015-08-26T05:58:20,31.0
2015-08-26T07:03:41,30.0
2015-08-26T07:17:50,29.0
2015-08-26T07:39:46,28.0
2015-08-26T08:04:14,30.0
2015-08-26T08:20:31,33.0
2015-08-26T08:39:36,39.0
2015-08-26T09:23:28,31.0
2015-08-26T09:41:47,30.0
2015-08-26T09:57:50,37.0
2015-08-27T10:41:12,37.0
2015-08-27T10:57:49,31.0
2015-08-27T11:20:48,31.0
2015-08-27T12:01:04,46.0
2015-08-27T12:21:39,28.0
2015-08-27T12:36:41,30.0
2015-08-27T12:57:58,30.0
2015-08-27T13:19:37,37.0
2015-08-27T13:41:39,28.0
2015-08-27T14:00:15,35.0
2015-08-27T15:04:39,32.0
2015-08-27T15:20:27,30.0
2015-08-27T15:43:10,33.0
2015-08-27T15:59:18,43.0
2015-08-27T16:24:20,43.0
2015-08-27T16:42:23,28.0
2015-08-27T17:38:40,39.0
2015-08-27T17:58:39,30.0
2015-08-27T18:18:31,29.0
2015-08-27T18:36:36,30.0
2015-08-27T19:03:28,30.0
2015-08-27T19:21:55,30.0
2015-08-27T20:28:38,35.0
2015-08-27T20:57:55,31.0
2015-08-27T21:30:32,28.0
2015-08-27T21:58:39,39.0
2015-08-27T22:28:10,25.0
2015-08-27T22:57:38,30.0
2015-08-27T23:27:22,30.0
2015-08-27T23:59:25,20.0
2015-08-27T00:36:15,32.0
2015-08-27T06:37:08,35.0
2015-08-27T07:03:11,36.0
2015-08-27T07:19:54,30.0
2015-08-27T07:42:01,30.0
2015-08-27T08:05:45,36.0
2015-08-27T08:20:59,30.0
2015-08-27T08:38:17,30.0
2015-08-27T09:20:12,40.0
2015-08-27T09:40:44,29.0
2015-08-27T09:56:55,31.0
2015-08-28T10:17:57,31.0
2015-08-28T11:00:21,28.0
2015-08-28T11:24:44,30.0
2015-08-28T11:40:03,30.0
2015-08-28T12:18:58,27.0
2015-08-28T12:39:54,25.0
2015-08-28T12:57:33,24.0
2015-08-28T13:42:23,30.0
2015-08-28T14:00:40,30.0
2015-08-28T14:20:06,30.0
2015-08-28T15:00:16,29.0
2015-08-28T15:25:19,34.0
2015-08-28T15:41:04,30.0
2015-08-28T16:20:26,30.0
2015-08-28T16:42:20,34.0
2015-08-28T16:54:48,30.0
2015-08-28T17:37:44,28.0
2015-08-28T17:58:20,33.0
2015-08-28T18:20:20,30.0
2015-08-28T18:58:38,30.0
2015-08-28T19:19:47,30.0
2015-08-28T19:30:28,30.0
2015-08-28T20:28:37,30.0
2015-08-28T21:00:38,30.0
2015-08-28T21:58:32,30.0
2015-08-28T22:26:35,28.0
2015-08-28T22:57:22,47.0
2015-08-28T23:27:36,30.0
2015-08-28T23:57:57,30.0
2015-08-28T00:28:54,22.0
2015-08-28T05:58:06,30.0
2015-08-28T06:19:17,26.0
2015-08-28T07:00:11,29.0
2015-08-28T07:19:52,43.0
2015-08-28T07:41:39,28.0
2015-08-28T08:21:24,31.0
2015-08-28T08:44:10,32.0
2015-08-28T08:57:52,30.0
2015-08-28T09:40:15,39.0
2015-08-28T10:00:20,53.0
2015-08-29T10:20:46,30.0
2015-08-29T10:45:24,34.0
2015-08-29T11:00:04,30.0
2015-08-29T11:22:54,30.0
2015-08-29T12:04:36,25.0
2015-08-29T12:34:11,26.0
2015-08-29T12:43:10,30.0
2015-08-29T13:02:27,24.0
2015-08-29T13:24:48,30.0
2015-08-29T13:45:34,28.0
2015-08-29T14:25:00,31.0
2015-08-29T14:55:21,27.0
2015-08-29T15:06:08,42.0
2015-08-29T15:25:57,30.0
2015-08-29T15:44:15,30.0
2015-08-29T16:04:37,29.0
2015-08-29T16:50:22,30.0
2015-08-29T17:49:04,29.0
2015-08-29T18:09:12,30.0
2015-08-29T18:22:11,27.0
2015-08-29T19:20:34,30.0
2015-08-29T19:43:35,30.0
2015-08-29T20:06:26,20.0
2015-08-29T20:29:46,31.0
2015-08-29T21:58:08,30.0
2015-08-29T22:29:07,18.0
2015-08-29T23:58:10,30.0
2015-08-29T00:26:26,26.0
2015-08-29T06:38:37,30.0
2015-08-29T07:01:08,30.0
2015-08-29T07:42:58,30.0
2015-08-29T07:59:08,43.0
2015-08-29T08:18:08,32.0
2015-08-29T08:41:02,31.0
2015-08-29T09:06:56,27.0
2015-08-29T09:39:06,30.0
2015-08-29T10:06:59,30.0
2015-08-30T10:44:43,31.0
2015-08-30T11:21:15,27.0
2015-08-30T11:39:35,30.0
2015-08-30T12:04:53,27.0
2015-08-30T12:31:09,30.0
2015-08-30T13:43:25,30.0
2015-08-30T14:04:12,30.0
2015-08-30T14:30:02,29.0
2015-08-30T14:45:30,23.0
2015-08-30T15:24:45,30.0
2015-08-30T16:03:39,30.0
2015-08-30T16:26:51,31.0
2015-08-30T16:45:25,30.0
2015-08-30T17:10:15,24.0
2015-08-30T17:45:36,41.0
2015-08-30T18:26:32,41.0
2015-08-30T18:44:42,30.0
2015-08-30T19:01:06,30.0
2015-08-30T19:25:18,22.0
2015-08-30T20:04:47,46.0
2015-08-30T20:59:10,41.0
2015-08-30T21:24:09,30.0
2015-08-30T21:57:16,29.0
2015-08-30T22:28:29,24.0
2015-08-30T22:58:08,30.0
2015-08-30T23:25:48,30.0
2015-08-30T23:58:30,30.0
2015-08-30T00:29:26,30.0
2015-08-30T06:22:31,30.0
2015-08-30T06:58:07,33.0
2015-08-30T07:16:15,30.0
2015-08-30T07:37:21,30.0
2015-08-30T08:14:37,30.0
2015-08-30T08:59:54,30.0
2015-08-30T09:19:40,30.0
2015-08-30T09:39:13,41.0
2015-08-30T09:59:27,26.0
2015-07-01T10:39:18,29.0
2015-07-01T11:17:47,30.0
2015-07-01T11:43:12,33.0
2015-07-01T11:59:40,25.0
2015-07-01T13:20:56,32.0
2015-07-01T14:17:52,30.0
2015-07-01T14:40:07,31.0
2015-07-01T15:01:48,35.0
2015-07-01T15:59:18,30.0
2015-07-01T17:00:31,45.0
2015-07-01T17:20:51,29.0
2015-07-01T17:44:14,35.0
2015-07-01T17:57:26,26.0
2015-07-01T18:40:51,42.0
2015-07-01T19:37:52,30.0
2015-07-01T19:57:47,36.0
2015-07-01T20:30:09,61.0
2015-07-01T21:57:28,24.0
2015-07-01T22:28:47,30.0
2015-07-01T23:59:58,30.0
2015-07-01T00:27:28,30.0
2015-07-01T05:58:13,30.0
2015-07-01T06:16:26,28.0
2015-07-01T06:39:28,37.0
2015-07-01T08:02:27,30.0
2015-07-01T08:38:59,31.0
2015-07-01T09:01:06,30.0
2015-07-01T09:16:23,30.0
2015-07-02T10:44:44,27.0
2015-07-02T11:21:31,30.0
2015-07-02T11:39:27,40.0
2015-07-02T12:57:27,48.0
2015-07-02T13:19:56,38.0
2015-07-02T14:01:35,30.0
2015-07-02T14:22:54,27.0
2015-07-02T15:40:34,30.0
2015-07-02T16:00:16,30.0
2015-07-02T17:00:49,30.0
2015-07-02T18:18:59,30.0
2015-07-02T18:40:36,30.0
2015-07-02T19:38:26,42.0
2015-07-02T20:57:50,31.0
2015-07-02T21:59:38,24.0
2015-07-02T22:56:19,30.0
2015-07-02T23:59:49,30.0
2015-07-02T00:28:14,27.0
2015-07-02T05:55:51,30.0
2015-07-02T06:21:23,19.0
2015-07-02T07:18:04,26.0
2015-07-02T08:03:55,31.0
2015-07-02T08:39:48,33.0
2015-07-02T08:59:42,30.0
2015-07-03T10:38:25,30.0
2015-07-03T11:19:00,30.0
2015-07-03T11:40:08,22.0
2015-07-03T11:59:30,30.0
2015-07-03T13:21:27,31.0
2015-07-03T14:00:07,30.0
2015-07-03T14:18:58,32.0
2015-07-03T14:39:23,30.0
2015-07-03T16:00:08,35.0
2015-07-03T16:59:33,30.0
2015-07-03T16:24:31,34.0
2015-07-03T17:19:02,23.0
2015-07-03T17:40:18,30.0
2015-07-03T19:01:15,30.0
2015-07-03T19:57:25,26.0
2015-07-03T22:28:56,30.0
2015-07-03T00:27:21,18.0
2015-07-03T08:38:13,30.0
2015-07-03T08:57:45,27.0
2015-07-04T10:19:03,28.0
2015-07-04T11:08:28,33.0
2015-07-04T11:22:34,26.0
2015-07-04T12:04:44,34.0
2015-07-04T12:25:44,30.0
2015-07-04T12:45:25,40.0
2015-07-04T13:36:33,30.0
2015-07-04T13:46:24,34.0
2015-07-04T14:05:03,30.0
2015-07-04T14:24:51,30.0
2015-07-04T14:46:02,30.0
2015-07-04T15:03:58,30.0
2015-07-04T15:45:00,27.0
2015-07-04T16:04:58,30.0
2015-07-04T17:04:18,31.0
2015-07-04T17:23:40,40.0
2015-07-04T18:03:07,31.0
2015-07-04T18:27:04,60.0
2015-07-04T18:43:55,28.0
2015-07-04T19:21:42,30.0
2015-07-04T19:44:31,30.0
2015-07-04T20:28:54,30.0
2015-07-04T20:58:22,36.0
2015-07-04T21:59:10,30.0
2015-07-04T22:59:16,29.0
2015-07-04T00:27:22,30.0
2015-07-04T06:41:18,30.0
2015-07-04T06:57:51,29.0
2015-07-04T07:39:27,30.0
2015-07-04T08:01:13,34.0
2015-07-04T08:40:30,43.0
2015-07-04T09:41:32,30.0
2015-07-04T10:01:28,24.0
2015-07-05T10:38:07,29.0
2015-07-05T11:00:41,29.0
2015-07-05T11:21:55,30.0
2015-07-05T11:40:58,24.0
2015-07-05T12:04:56,41.0
2015-07-05T12:30:27,30.0
2015-07-05T13:25:41,21.0
2015-07-05T13:47:43,30.0
2015-07-05T14:06:12,33.0
2015-07-05T14:26:10,24.0
2015-07-05T14:52:20,30.0
2015-07-05T15:45:09,30.0
2015-07-05T16:04:04,21.0
2015-07-05T16:31:21,29.0
2015-07-05T16:44:49,30.0
2015-07-05T17:11:53,38.0
2015-07-05T18:01:25,30.0
2015-07-05T18:26:25,30.0
2015-07-05T18:48:07,28.0
2015-07-05T19:05:26,27.0
2015-07-05T19:20:47,30.0
2015-07-05T20:29:43,30.0
2015-07-05T21:00:13,31.0
2015-07-05T21:27:21,39.0
2015-07-05T21:59:13,30.0
2015-07-05T22:28:52,30.0
2015-07-05T23:01:45,19.0
2015-07-05T23:26:43,29.0
2015-07-05T23:58:14,23.0
2015-07-05T06:19:17,30.0
2015-07-05T06:39:19,30.0
2015-07-05T06:58:16,30.0
2015-07-05T07:18:02,33.0
2015-07-05T07:40:13,43.0
2015-07-05T08:19:13,30.0
2015-07-05T08:39:42,44.0
2015-07-05T08:58:20,44.0
2015-07-05T09:20:26,27.0
2015-07-05T09:43:06,30.0
2015-07-05T09:59:49,30.0
2015-07-06T10:24:17,48.0
2015-07-06T10:39:09,31.0
2015-07-06T11:19:56,30.0
2015-07-06T11:57:32,30.0
2015-07-06T12:20:17,25.0
2015-07-06T13:01:17,31.0
2015-07-06T13:22:02,60.0
2015-07-06T14:01:03,29.0
2015-07-06T14:39:37,26.0
2015-07-06T15:02:03,30.0
2015-07-06T15:40:15,38.0
2015-07-06T16:01:52,30.0
2015-07-06T16:44:16,29.0
2015-07-06T17:19:41,28.0
2015-07-06T17:38:36,30.0
2015-07-06T18:42:48,35.0
2015-07-06T19:20:55,30.0
2015-07-06T19:57:46,24.0
2015-07-06T20:57:42,45.0
2015-07-06T21:29:51,24.0
2015-07-06T22:22:45,30.0
2015-07-06T22:59:58,30.0
2015-07-06T23:29:46,30.0
2015-07-06T00:28:57,30.0
2015-07-06T05:58:57,32.0
2015-07-06T06:38:31,35.0
2015-07-06T06:59:56,30.0
2015-07-06T07:46:35,28.0
2015-07-06T08:41:35,30.0
2015-07-06T09:18:03,43.0
2015-07-06T09:43:29,26.0
2015-07-07T10:21:20,30.0
2015-07-07T10:39:02,28.0
2015-07-07T11:21:27,29.0
2015-07-07T11:58:14,28.0
2015-07-07T12:42:23,23.0
2015-07-07T14:39:53,34.0
2015-07-07T15:27:34,42.0
2015-07-07T16:22:42,42.0
2015-07-07T16:43:38,33.0
2015-07-07T17:19:49,30.0
2015-07-07T17:59:22,32.0
2015-07-07T18:59:59,30.0
2015-07-07T19:21:36,30.0
2015-07-07T19:58:16,31.0
2015-07-07T21:31:43,30.0
2015-07-07T22:11:47,37.0
2015-07-07T22:28:18,38.0
2015-07-07T23:27:11,25.0
2015-07-07T00:01:44,29.0
2015-07-07T05:59:02,30.0
2015-07-07T06:38:48,30.0
2015-07-07T07:23:32,28.0
2015-07-07T07:42:14,26.0
2015-07-07T08:01:48,29.0
2015-07-07T08:40:54,28.0
2015-07-07T09:17:35,38.0
2015-07-07T09:57:24,30.0
2015-07-08T10:38:34,30.0
2015-07-08T10:56:19,44.0
2015-07-08T11:22:26,32.0
2015-07-08T11:58:12,44.0
2015-07-08T12:38:52,45.0
2015-07-08T13:36:33,44.0
2015-07-08T14:01:37,45.0
2015-07-08T14:39:32,31.0
2015-07-08T15:23:24,30.0
2015-07-08T16:00:16,14.0
2015-07-08T16:18:29,36.0
2015-07-08T16:40:35,36.0
2015-07-08T17:21:08,30.0
2015-07-08T19:02:00,33.0
2015-07-08T19:19:33,30.0
2015-07-08T19:58:34,30.0
2015-07-08T21:29:52,25.0
2015-07-08T22:27:09,30.0
2015-07-08T23:26:28,26.0
2015-07-08T00:15:52,31.0
2015-07-08T05:58:48,30.0
2015-07-08T06:44:44,47.0
2015-07-08T07:23:08,26.0
2015-07-08T08:02:49,30.0
2015-07-08T08:22:47,30.0
2015-07-08T08:44:32,30.0
2015-07-08T09:19:30,30.0
2015-07-08T09:57:28,36.0
2015-07-09T10:39:06,30.0
2015-07-09T10:59:18,22.0
2015-07-09T12:21:45,25.0
2015-07-09T13:22:06,43.0
2015-07-09T13:38:34,40.0
2015-07-09T15:01:51,30.0
2015-07-09T16:04:20,30.0
2015-07-09T16:19:31,26.0
2015-07-09T17:21:03,28.0
2015-07-09T18:40:23,34.0
2015-07-09T18:57:39,31.0
2015-07-09T19:58:24,28.0
2015-07-09T00:28:34,25.0
2015-07-09T06:58:11,36.0
2015-07-09T08:20:54,40.0
2015-07-09T09:39:43,35.0
2015-07-10T10:58:04,33.0
2015-07-10T12:07:40,18.0
2015-07-10T13:40:21,30.0
2015-07-10T14:31:22,60.0
2015-07-10T16:19:43,31.0
2015-07-10T17:02:56,36.0
2015-07-10T17:20:25,27.0
2015-07-10T18:59:05,30.0
2015-07-10T19:43:32,30.0
2015-07-10T19:58:49,32.0
2015-07-10T06:42:48,60.0
2015-07-10T08:22:37,38.0
2015-07-10T09:16:20,30.0
2015-07-11T10:41:18,30.0
2015-07-11T12:26:54,31.0
2015-07-11T13:06:01,20.0
2015-07-11T14:48:18,30.0
2015-07-11T15:27:02,44.0
2015-07-11T17:42:49,38.0
2015-07-11T19:22:20,30.0
2015-07-11T20:03:14,18.0
2015-07-11T05:59:06,31.0
2015-07-11T06:19:26,31.0
2015-07-11T07:38:53,40.0
2015-07-11T07:59:27,30.0
2015-07-11T08:20:47,30.0
2015-07-11T10:02:41,28.0
2015-07-12T10:41:13,24.0
2015-07-12T10:59:37,25.0
2015-07-12T11:42:26,25.0
2015-07-12T12:01:14,29.0
2015-07-12T13:05:08,46.0
2015-07-12T13:25:43,31.0
2015-07-12T14:05:39,30.0
2015-07-12T14:24:33,30.0
2015-07-12T15:24:54,40.0
2015-07-12T15:55:58,29.0
2015-07-12T16:28:13,32.0
2015-07-12T16:55:03,30.0
2015-07-12T17:44:35,46.0
2015-07-12T18:15:36,60.0
2015-07-12T18:50:02,28.0
2015-07-12T19:02:16,20.0
2015-07-12T20:05:23,29.0
2015-07-12T20:32:28,30.0
2015-07-12T21:02:14,30.0
2015-07-12T22:02:19,27.0
2015-07-12T22:30:09,30.0
2015-07-12T23:59:13,46.0
2015-07-12T06:39:29,43.0
2015-07-12T07:16:40,26.0
2015-07-12T07:38:57,44.0
2015-07-12T08:17:54,35.0
2015-07-12T08:40:26,38.0
2015-07-12T09:17:49,30.0
2015-07-12T09:38:53,30.0
2015-07-13T10:45:51,27.0
2015-07-13T10:57:13,33.0
2015-07-13T11:42:23,30.0
2015-07-13T13:19:27,30.0
2015-07-13T13:39:20,30.0
2015-07-13T14:17:39,40.0
2015-07-13T16:05:38,30.0
2015-07-13T16:21:56,42.0
2015-07-13T17:02:47,30.0
2015-07-13T17:24:59,34.0
2015-07-13T19:01:31,29.0
2015-07-13T19:38:26,30.0
2015-07-13T19:59:17,35.0
2015-07-13T21:55:34,30.0
2015-07-13T22:29:09,30.0
2015-07-13T23:44:58,28.0
2015-07-13T00:28:47,29.0
2015-07-13T06:22:24,26.0
2015-07-13T06:59:36,30.0
2015-07-13T08:04:35,42.0
2015-07-13T09:04:13,27.0
2015-07-13T09:43:19,33.0
2015-07-14T10:18:58,31.0
2015-07-14T10:41:13,28.0
2015-07-14T10:58:38,31.0
2015-07-14T11:20:26,32.0
2015-07-14T11:37:19,30.0
2015-07-14T11:59:51,30.0
2015-07-14T12:20:55,41.0
2015-07-14T13:19:40,30.0
2015-07-14T13:38:19,33.0
2015-07-14T14:01:00,37.0
2015-07-14T14:19:33,30.0
2015-07-14T14:40:09,30.0
2015-07-14T14:59:43,30.0
2015-07-14T16:03:40,28.0
2015-07-14T16:21:31,30.0
2015-07-14T16:44:57,30.0
2015-07-14T17:01:16,30.0
2015-07-14T17:21:09,28.0
2015-07-14T17:38:40,22.0
2015-07-14T18:41:22,30.0
2015-07-14T18:59:52,30.0
2015-07-14T19:20:21,25.0
2015-07-14T19:40:57,30.0
2015-07-14T19:56:25,27.0
2015-07-14T21:30:17,30.0
2015-07-14T21:58:09,30.0
2015-07-14T22:32:13,34.0
2015-07-14T23:30:22,29.0
2015-07-14T23:57:56,30.0
2015-07-14T00:30:40,31.0
2015-07-14T05:59:48,30.0
2015-07-14T06:21:24,26.0
2015-07-14T06:41:01,30.0
2015-07-14T07:13:00,30.0
2015-07-14T07:39:52,42.0
2015-07-14T08:04:02,29.0
2015-07-14T08:23:04,28.0
2015-07-14T08:39:33,29.0
2015-07-14T09:01:00,28.0
2015-07-14T09:24:23,44.0
2015-07-14T09:41:28,44.0
2015-07-15T10:21:47,34.0
2015-07-15T10:40:39,40.0
2015-07-15T10:57:43,23.0
2015-07-15T11:19:09,30.0
2015-07-15T11:40:14,35.0
2015-07-15T11:57:08,30.0
2015-07-15T12:21:57,28.0
2015-07-15T12:38:07,31.0
2015-07-15T12:59:08,23.0
2015-07-15T13:20:29,30.0
2015-07-15T13:40:30,30.0
2015-07-15T14:01:54,30.0
2015-07-15T14:19:46,25.0
2015-07-15T14:39:33,26.0
2015-07-15T15:28:33,29.0
2015-07-15T15:39:06,37.0
2015-07-15T16:00:29,37.0
2015-07-15T16:21:04,38.0
2015-07-15T16:57:30,27.0
2015-07-15T17:40:07,30.0
2015-07-15T17:57:16,30.0
2015-07-15T18:20:38,30.0
2015-07-15T18:40:03,33.0
2015-07-15T18:57:56,31.0
2015-07-15T19:44:17,30.0
2015-07-15T20:30:07,30.0
2015-07-15T20:58:01,30.0
2015-07-15T22:02:46,35.0
2015-07-15T22:56:23,30.0
2015-07-15T00:34:50,30.0
2015-07-15T05:58:14,30.0
2015-07-15T06:22:29,26.0
2015-07-15T06:38:52,34.0
2015-07-15T07:04:40,30.0
2015-07-15T07:22:26,28.0
2015-07-15T07:40:12,42.0
2015-07-15T08:04:31,32.0
2015-07-15T08:23:07,30.0
2015-07-15T08:40:26,33.0
2015-07-15T09:02:06,40.0
2015-07-15T09:19:10,40.0
2015-07-15T09:41:10,31.0
2015-07-15T09:59:22,29.0
2015-07-16T10:21:18,24.0
2015-07-16T10:41:12,28.0
2015-07-16T11:00:56,38.0
2015-07-16T11:19:19,29.0
2015-07-16T11:37:39,27.0
2015-07-16T11:58:10,28.0
2015-07-16T12:20:47,30.0
2015-07-16T12:38:33,50.0
2015-07-16T12:57:15,32.0
2015-07-16T13:19:57,28.0
2015-07-16T13:43:01,25.0
2015-07-16T14:01:24,33.0
2015-07-16T14:19:19,25.0
2015-07-16T14:39:54,30.0
2015-07-16T15:02:30,30.0
2015-07-16T15:21:55,25.0
2015-07-16T15:42:05,30.0
2015-07-16T16:00:12,26.0
2015-07-16T16:21:34,30.0
2015-07-16T16:45:55,29.0
2015-07-16T17:02:10,30.0
2015-07-16T17:21:13,30.0
2015-07-16T17:41:44,30.0
2015-07-16T17:58:30,30.0
2015-07-16T18:21:51,30.0
2015-07-16T18:38:45,42.0
2015-07-16T19:00:15,31.0
2015-07-16T19:19:21,31.0
2015-07-16T19:38:30,33.0
2015-07-16T19:58:08,32.0
2015-07-16T20:27:09,30.0
2015-07-16T20:56:56,30.0
2015-07-16T21:29:32,30.0
2015-07-16T21:58:59,30.0
2015-07-16T22:56:24,30.0
2015-07-16T23:29:03,24.0
2015-07-16T00:07:36,30.0
2015-07-16T05:57:48,30.0
2015-07-16T06:19:24,31.0
2015-07-16T06:40:05,32.0
2015-07-16T06:59:21,34.0
2015-07-16T07:20:15,30.0
2015-07-16T07:42:35,36.0
2015-07-16T08:02:47,43.0
2015-07-16T08:23:15,30.0
2015-07-16T08:40:02,32.0
2015-07-16T09:01:09,31.0
2015-07-16T09:24:31,38.0
2015-07-16T09:37:48,30.0
2015-07-16T09:57:18,31.0
2015-07-17T10:39:27,39.0
2015-07-17T11:01:58,30.0
2015-07-17T11:17:17,30.0
2015-07-17T11:37:49,37.0
2015-07-17T12:00:16,29.0
2015-07-17T12:22:05,45.0
2015-07-17T13:21:13,27.0
2015-07-17T13:39:39,28.0
2015-07-17T14:00:21,45.0
2015-07-17T14:19:45,30.0
2015-07-17T14:39:02,39.0
2015-07-17T15:00:34,38.0
2015-07-17T15:58:24,30.0
2015-07-17T16:19:47,31.0
2015-07-17T16:43:52,30.0
2015-07-17T17:00:08,36.0
2015-07-17T17:18:31,29.0
2015-07-17T17:36:13,30.0
2015-07-17T18:38:24,32.0
2015-07-17T18:57:43,30.0
2015-07-17T19:21:56,35.0
2015-07-17T19:39:33,30.0
2015-07-17T19:58:49,51.0
2015-07-17T21:30:15,31.0
2015-07-17T22:13:55,30.0
2015-07-17T22:26:44,30.0
2015-07-17T23:28:06,30.0
2015-07-17T05:57:47,30.0
2015-07-17T06:20:45,22.0
2015-07-17T06:40:03,30.0
2015-07-17T07:00:20,33.0
2015-07-17T08:06:40,30.0
2015-07-17T08:40:50,34.0
2015-07-17T09:00:27,32.0
2015-07-17T09:16:20,30.0
2015-07-17T09:39:15,29.0
2015-07-18T10:58:20,28.0
2015-07-18T11:20:31,30.0
2015-07-18T11:42:22,33.0
2015-07-18T12:02:52,33.0
2015-07-18T13:24:08,30.0
2015-07-18T13:47:59,26.0
2015-07-18T14:04:41,28.0
2015-07-18T14:25:07,30.0
2015-07-18T15:46:52,47.0
2015-07-18T16:02:49,31.0
2015-07-18T16:24:19,30.0
2015-07-18T16:51:31,30.0
2015-07-18T18:04:33,30.0
2015-07-18T18:26:10,30.0
2015-07-18T18:41:08,24.0
2015-07-18T20:30:08,30.0
2015-07-18T21:08:21,30.0
2015-07-18T21:35:33,32.0
2015-07-18T23:04:07,30.0
2015-07-18T00:12:41,30.0
2015-07-18T06:37:46,30.0
2015-07-18T06:57:45,28.0
2015-07-18T07:19:45,30.0
2015-07-18T08:38:54,30.0
2015-07-18T08:56:57,30.0
2015-07-18T09:20:52,30.0
2015-07-18T09:39:46,44.0
2015-07-19T11:02:08,60.0
2015-07-19T11:20:25,25.0
2015-07-19T11:44:56,42.0
2015-07-19T12:04:32,26.0
2015-07-19T12:25:38,30.0
2015-07-19T13:25:22,26.0
2015-07-19T13:46:59,30.0
2015-07-19T14:06:54,34.0
2015-07-19T14:23:09,30.0
2015-07-19T14:42:50,19.0
2015-07-19T15:45:30,39.0
2015-07-19T16:09:32,30.0
2015-07-19T16:25:53,30.0
2015-07-19T16:43:18,30.0
2015-07-19T17:05:11,30.0
2015-07-19T17:48:19,31.0
2015-07-19T18:07:38,32.0
2015-07-19T18:47:27,30.0
2015-07-19T19:04:08,30.0
2015-07-19T19:25:18,30.0
2015-07-19T20:04:23,30.0
2015-07-19T20:33:51,49.0
2015-07-19T21:02:22,30.0
2015-07-19T21:29:30,30.0
2015-07-19T23:04:58,30.0
2015-07-19T23:27:06,30.0
2015-07-19T06:44:50,30.0
2015-07-19T06:57:42,30.0
2015-07-19T07:20:34,39.0
2015-07-19T07:43:16,42.0
2015-07-19T08:40:46,30.0
2015-07-19T08:58:01,30.0
2015-07-19T09:20:16,30.0
2015-07-19T09:38:10,36.0
2015-07-19T09:58:56,28.0
2015-07-20T10:21:45,30.0
2015-07-20T10:57:57,34.0
2015-07-20T11:20:13,30.0
2015-07-20T11:44:05,32.0
2015-07-20T11:57:43,44.0
2015-07-20T12:36:37,30.0
2015-07-20T13:03:36,33.0
2015-07-20T13:37:50,30.0
2015-07-20T14:02:04,32.0
2015-07-20T14:21:56,32.0
2015-07-20T14:39:55,30.0
2015-07-20T15:24:58,30.0
2015-07-20T15:41:09,31.0
2015-07-20T16:25:20,30.0
2015-07-20T16:41:44,40.0
2015-07-20T17:02:34,30.0
2015-07-20T17:20:37,31.0
2015-07-20T17:57:30,29.0
2015-07-20T18:21:08,30.0
2015-07-20T18:59:27,30.0
2015-07-20T19:20:05,30.0
2015-07-20T19:40:36,34.0
2015-07-20T19:59:07,33.0
2015-07-20T20:27:19,32.0
2015-07-20T21:00:12,30.0
2015-07-20T21:56:54,30.0
2015-07-20T22:33:50,30.0
2015-07-20T22:57:53,30.0
2015-07-20T23:52:32,30.0
2015-07-20T05:59:09,30.0
2015-07-20T06:22:47,29.0
2015-07-20T06:40:08,30.0
2015-07-20T07:20:50,29.0
2015-07-20T07:46:13,44.0
2015-07-20T08:20:16,31.0
2015-07-20T08:40:17,31.0
2015-07-20T08:59:53,30.0
2015-07-20T09:19:07,31.0
2015-07-20T09:58:39,49.0
2015-07-21T10:58:23,39.0
2015-07-21T11:19:50,31.0
2015-07-21T11:39:24,34.0
2015-07-21T11:58:36,44.0
2015-07-21T12:19:34,31.0
2015-07-21T12:37:53,29.0
2015-07-21T13:21:12,42.0
2015-07-21T13:34:16,24.0
2015-07-21T14:02:05,30.0
2015-07-21T14:19:33,30.0
2015-07-21T14:39:05,29.0
2015-07-21T15:00:19,30.0
2015-07-21T16:02:02,31.0
2015-07-21T16:20:43,27.0
2015-07-21T16:43:01,30.0
2015-07-21T16:58:19,30.0
2015-07-21T17:20:19,51.0
2015-07-21T17:42:01,26.0
2015-07-21T18:42:04,30.0
2015-07-21T19:00:09,30.0
2015-07-21T19:21:14,30.0
2015-07-21T19:40:05,45.0
2015-07-21T19:59:24,25.0
2015-07-21T21:30:17,31.0
2015-07-21T21:59:21,30.0
2015-07-21T22:37:05,33.0
2015-07-21T23:29:56,30.0
2015-07-21T23:57:28,32.0
2015-07-21T00:30:10,57.0
2015-07-21T05:59:27,30.0
2015-07-21T06:21:29,33.0
2015-07-21T06:41:16,34.0
2015-07-21T06:58:57,30.0
2015-07-21T07:20:01,33.0
2015-07-21T08:03:52,60.0
2015-07-21T08:23:03,35.0
2015-07-21T08:39:46,35.0
2015-07-21T09:02:52,27.0
2015-07-21T09:16:14,33.0
2015-07-21T09:42:43,42.0
2015-07-21T09:56:07,29.0
2015-07-22T10:25:52,30.0
2015-07-22T10:40:06,45.0
2015-07-22T11:21:51,30.0
2015-07-22T11:40:43,29.0
2015-07-22T11:59:41,30.0
2015-07-22T12:19:58,33.0
2015-07-22T12:39:04,23.0
2015-07-22T14:00:48,36.0
2015-07-22T14:18:09,25.0
2015-07-22T14:39:34,29.0
2015-07-22T15:00:22,32.0
2015-07-22T15:21:48,46.0
2015-07-22T15:39:56,49.0
2015-07-22T16:42:06,43.0
2015-07-22T17:20:15,30.0
2015-07-22T17:39:48,28.0
2015-07-22T17:59:07,30.0
2015-07-22T18:18:01,30.0
2015-07-22T19:20:21,28.0
2015-07-22T19:58:41,43.0
2015-07-22T20:28:01,30.0
2015-07-22T20:59:20,25.0
2015-07-22T21:29:33,30.0
2015-07-22T21:57:31,25.0
2015-07-22T22:26:32,26.0
2015-07-22T22:55:42,32.0
2015-07-22T23:27:21,31.0
2015-07-22T23:58:42,28.0
2015-07-22T00:38:44,30.0
2015-07-22T06:00:28,29.0
2015-07-22T06:20:37,31.0
2015-07-22T06:40:10,36.0
2015-07-22T07:01:27,40.0
2015-07-22T07:19:52,39.0
2015-07-22T07:40:15,36.0
2015-07-22T08:01:42,47.0
2015-07-22T08:40:48,41.0
2015-07-22T09:18:47,126.0
2015-07-22T09:41:05,42.0
2015-07-22T09:57:17,45.0
2015-07-23T10:21:03,63.0
2015-07-23T10:43:39,118.0
2015-07-23T10:59:52,56.0
2015-07-23T11:57:31,30.0
2015-07-23T12:21:18,42.0
2015-07-23T12:37:53,42.0
2015-07-23T12:57:27,32.0
2015-07-23T13:19:25,30.0
2015-07-23T13:39:32,24.0
2015-07-23T14:38:39,29.0
2015-07-23T15:00:22,29.0
2015-07-23T15:22:49,30.0
2015-07-23T15:42:08,31.0
2015-07-23T16:01:53,38.0
2015-07-23T16:22:01,30.0
2015-07-23T17:18:52,42.0
2015-07-23T17:41:17,30.0
2015-07-23T18:00:18,30.0
2015-07-23T18:19:42,30.0
2015-07-23T18:37:53,31.0
2015-07-23T19:01:33,30.0
2015-07-23T19:57:06,28.0
2015-07-23T20:29:02,30.0
2015-07-23T20:56:49,32.0
2015-07-23T21:58:37,30.0
2015-07-23T22:29:40,30.0
2015-07-23T22:57:35,30.0
2015-07-23T23:57:41,30.0
2015-07-23T00:28:40,30.0
2015-07-23T06:39:45,35.0
2015-07-23T06:59:09,45.0
2015-07-23T07:22:55,59.0
2015-07-23T08:04:29,57.0
2015-07-23T08:21:42,89.0
2015-07-23T09:16:36,26.0
2015-07-23T09:39:33,34.0
2015-07-23T10:01:56,111.0
2015-07-24T10:22:55,42.0
2015-07-24T11:00:39,25.0
2015-07-24T12:00:09,39.0
2015-07-24T12:20:49,30.0
2015-07-24T12:40:00,42.0
2015-07-24T12:57:33,31.0
2015-07-24T13:39:55,32.0
2015-07-24T14:59:17,31.0
2015-07-24T15:22:13,35.0
2015-07-24T15:39:31,30.0
2015-07-24T16:19:53,34.0
2015-07-24T17:40:05,30.0
2015-07-24T18:00:04,30.0
2015-07-24T18:20:51,31.0
2015-07-24T18:59:53,30.0
2015-07-24T20:28:55,30.0
2015-07-24T20:58:30,30.0
2015-07-24T22:29:18,30.0
2015-07-24T22:54:52,26.0
2015-07-24T23:56:54,18.0
2015-07-24T06:42:13,36.0
2015-07-24T06:59:25,34.0
2015-07-24T07:19:39,34.0
2015-07-24T07:41:35,36.0
2015-07-24T08:22:08,31.0
2015-07-24T09:19:52,34.0
2015-07-24T09:39:58,32.0
2015-07-24T09:59:54,37.0
2015-07-25T10:28:07,24.0
2015-07-25T10:41:11,31.0
2015-07-25T10:58:16,30.0
2015-07-25T11:23:04,37.0
2015-07-25T11:45:17,30.0
2015-07-25T12:05:08,25.0
2015-07-25T12:26:15,30.0
2015-07-25T12:50:20,45.0
2015-07-25T13:04:27,23.0
2015-07-25T13:22:58,33.0
2015-07-25T13:46:27,30.0
2015-07-25T14:26:22,23.0
2015-07-25T14:44:31,30.0
2015-07-25T15:06:46,30.0
2015-07-25T15:23:01,30.0
2015-07-25T15:46:38,30.0
2015-07-25T16:06:36,30.0
2015-07-25T16:25:52,30.0
2015-07-25T16:47:33,29.0
2015-07-25T17:06:41,30.0
2015-07-25T17:26:45,35.0
2015-07-25T17:45:56,30.0
2015-07-25T18:05:08,33.0
2015-07-25T18:26:15,38.0
2015-07-25T18:41:10,30.0
2015-07-25T19:09:59,29.0
2015-07-25T19:21:26,18.0
2015-07-25T19:43:59,27.0
2015-07-25T20:06:33,20.0
2015-07-25T20:33:29,32.0
2015-07-25T20:57:30,36.0
2015-07-25T21:35:00,27.0
2015-07-25T21:58:58,30.0
2015-07-25T22:27:01,30.0
2015-07-25T22:57:01,28.0
2015-07-25T23:32:20,30.0
2015-07-25T00:28:52,30.0
2015-07-25T06:00:26,42.0
2015-07-25T06:19:52,30.0
2015-07-25T06:38:08,30.0
2015-07-25T06:58:10,32.0
2015-07-25T07:17:00,30.0
2015-07-25T07:36:48,41.0
2015-07-25T07:59:01,30.0
2015-07-25T08:20:09,60.0
2015-07-25T08:40:00,30.0
2015-07-25T08:59:20,30.0
2015-07-25T09:21:32,38.0
2015-07-25T09:45:52,30.0
2015-07-25T10:07:20,30.0
2015-07-26T10:38:23,41.0
2015-07-26T11:01:19,30.0
2015-07-26T11:23:06,30.0
2015-07-26T12:28:47,28.0
2015-07-26T13:07:02,20.0
2015-07-26T13:25:24,25.0
2015-07-26T13:48:35,30.0
2015-07-26T14:49:35,30.0
2015-07-26T15:26:18,28.0
2015-07-26T15:45:11,27.0
2015-07-26T16:06:03,30.0
2015-07-26T17:08:34,30.0
2015-07-26T17:44:55,30.0
2015-07-26T18:06:11,30.0
2015-07-26T18:24:33,42.0
2015-07-26T19:22:00,30.0
2015-07-26T20:03:19,30.0
2015-07-26T20:28:03,19.0
2015-07-26T22:00:57,30.0
2015-07-26T00:01:22,31.0
2015-07-26T00:16:59,43.0
2015-07-26T06:20:15,30.0
2015-07-26T06:44:37,30.0
2015-07-26T06:59:33,30.0
2015-07-26T07:37:26,30.0
2015-07-26T08:20:45,30.0
2015-07-26T08:39:42,30.0
2015-07-26T08:59:21,30.0
2015-07-26T09:59:09,30.0
2015-07-27T10:20:18,30.0
2015-07-27T10:41:35,29.0
2015-07-27T11:56:42,27.0
2015-07-27T13:03:28,30.0
2015-07-27T13:19:59,26.0
2015-07-27T14:47:31,67.0
2015-07-27T15:48:22,40.0
2015-07-27T15:59:59,31.0
2015-07-27T17:20:03,30.0
2015-07-27T18:20:35,37.0
2015-07-27T18:41:36,30.0
2015-07-27T19:57:39,26.0
2015-07-27T06:36:53,30.0
2015-07-27T07:42:13,32.0
2015-07-27T08:01:57,30.0
2015-07-27T09:23:12,35.0
2015-08-01T10:23:53,31.0
2015-08-01T10:38:42,19.0
2015-08-01T11:04:17,30.0
2015-08-01T11:23:18,31.0
2015-08-01T11:41:09,34.0
2015-08-01T12:06:13,25.0
2015-08-01T12:50:19,45.0
2015-08-01T13:04:33,28.0
2015-08-01T13:27:09,40.0
2015-08-01T13:44:31,30.0
2015-08-01T14:00:35,32.0
2015-08-01T14:25:47,30.0
2015-08-01T15:08:13,43.0
2015-08-01T15:25:50,30.0
2015-08-01T15:44:23,31.0
2015-08-01T16:05:39,29.0
2015-08-01T16:22:25,30.0
2015-08-01T16:48:22,34.0
2015-08-01T17:29:09,30.0
2015-08-01T17:44:24,30.0
2015-08-01T18:07:24,30.0
2015-08-01T18:26:24,34.0
2015-08-01T18:43:01,32.0
2015-08-01T19:17:29,31.0
2015-08-01T19:44:27,45.0
2015-08-01T20:04:12,30.0
2015-08-01T20:31:43,31.0
2015-08-01T20:59:03,30.0
2015-08-01T22:34:11,30.0
2015-08-01T22:58:50,27.0
2015-08-01T23:38:01,28.0
2015-08-01T00:34:35,16.0
2015-08-01T05:57:34,30.0
2015-08-01T06:37:11,30.0
2015-08-01T07:01:15,30.0
2015-08-01T07:16:22,34.0
2015-08-01T08:00:59,32.0
2015-08-01T08:17:48,30.0
2015-08-01T08:37:52,30.0
2015-08-01T09:01:14,30.0
2015-08-01T09:17:38,30.0
2015-08-01T09:41:11,24.0
2015-08-02T10:38:04,36.0
2015-08-02T11:00:47,31.0
2015-08-02T11:21:05,35.0
2015-08-02T12:30:20,31.0
2015-08-02T13:04:42,30.0
2015-08-02T13:26:03,24.0
2015-08-02T13:44:07,19.0
2015-08-02T14:46:21,19.0
2015-08-02T15:28:24,30.0
2015-08-02T15:47:23,30.0
2015-08-02T16:07:37,28.0
2015-08-02T17:06:19,45.0
2015-08-02T17:45:24,33.0
2015-08-02T18:25:02,40.0
2015-08-02T19:29:17,30.0
2015-08-02T20:03:06,30.0
2015-08-02T22:28:27,30.0
2015-08-02T00:28:17,30.0
2015-08-02T06:18:23,27.0
2015-08-02T06:40:36,30.0
2015-08-02T07:01:54,30.0
2015-08-02T07:37:45,31.0
2015-08-02T08:19:41,30.0
2015-08-02T08:40:14,30.0
2015-08-02T08:57:57,35.0
2015-08-02T09:57:53,30.0
2015-08-03T11:00:28,42.0
2015-08-03T11:19:54,29.0
2015-08-03T12:20:02,29.0
2015-08-03T13:37:53,26.0
2015-08-03T14:00:08,30.0
2015-08-03T14:40:09,30.0
2015-08-03T15:05:50,30.0
2015-08-03T16:32:18,30.0
2015-08-03T17:19:48,30.0
2015-08-03T17:41:51,47.0
2015-08-03T19:11:59,31.0
2015-08-03T19:57:29,38.0
2015-08-03T21:32:11,30.0
2015-08-03T22:41:23,30.0
2015-08-03T23:28:57,30.0
2015-08-03T23:58:46,31.0
2015-08-03T00:28:32,30.0
2015-08-03T05:58:43,30.0
2015-08-03T06:40:26,33.0
2015-08-03T06:57:04,30.0
2015-08-03T08:07:41,30.0
2015-08-03T08:37:44,28.0
2015-08-03T09:31:25,24.0
2015-08-04T10:24:09,45.0
2015-08-04T10:57:20,35.0
2015-08-04T11:20:52,27.0
2015-08-04T11:56:47,35.0
2015-08-04T12:21:16,39.0
2015-08-04T12:36:57,27.0
2015-08-04T13:02:52,30.0
2015-08-04T13:21:34,43.0
2015-08-04T13:35:23,35.0
2015-08-04T14:01:41,30.0
2015-08-04T14:40:31,60.0
2015-08-04T14:59:48,44.0
2015-08-04T15:22:44,30.0
2015-08-04T15:41:43,33.0
2015-08-04T16:01:28,30.0
2015-08-04T16:22:09,30.0
2015-08-04T16:42:10,30.0
2015-08-04T17:18:51,31.0
2015-08-04T17:40:29,30.0
2015-08-04T17:58:12,37.0
2015-08-04T18:20:48,28.0
2015-08-04T18:40:08,30.0
2015-08-04T18:59:47,30.0
2015-08-04T19:19:29,30.0
2015-08-04T20:00:00,29.0
2015-08-04T20:29:04,38.0
2015-08-04T20:59:18,44.0
2015-08-04T21:29:59,30.0
2015-08-04T22:58:28,28.0
2015-08-04T23:29:50,30.0
2015-08-04T00:36:20,29.0
2015-08-04T05:57:26,30.0
2015-08-04T06:39:11,35.0
2015-08-04T07:02:14,28.0
2015-08-04T07:19:25,30.0
2015-08-04T07:42:46,38.0
2015-08-04T08:10:46,47.0
2015-08-04T08:21:06,29.0
2015-08-04T08:40:17,37.0
2015-08-04T09:20:50,33.0
2015-08-04T09:40:46,30.0
2015-08-04T10:00:17,30.0
2015-08-05T10:58:35,34.0
2015-08-05T11:41:21,34.0
2015-08-05T12:21:24,30.0
2015-08-05T12:38:02,35.0
2015-08-05T13:03:44,31.0
2015-08-05T13:30:02,31.0
2015-08-05T14:20:36,33.0
2015-08-05T14:59:52,30.0
2015-08-05T15:24:02,30.0
2015-08-05T15:42:55,43.0
2015-08-05T16:24:11,30.0
2015-08-05T17:04:02,32.0
2015-08-05T17:40:07,30.0
2015-08-05T17:58:53,31.0
2015-08-05T18:20:37,28.0
2015-08-05T19:02:40,30.0
2015-08-05T19:40:54,30.0
2015-08-05T20:27:48,26.0
2015-08-05T20:56:13,30.0
2015-08-05T21:59:00,30.0
2015-08-05T22:28:46,28.0
2015-08-05T22:59:02,30.0
2015-08-05T23:58:51,20.0
2015-08-05T06:20:00,31.0
2015-08-05T07:01:50,30.0
2015-08-05T07:21:00,30.0
2015-08-05T08:21:50,35.0
2015-08-05T08:58:22,30.0
2015-08-05T09:39:25,27.0
2015-08-05T10:02:23,25.0
2015-08-06T10:39:47,30.0
2015-08-06T10:59:50,31.0
2015-08-06T11:19:20,30.0
2015-08-06T11:57:51,40.0
2015-08-06T12:21:09,30.0
2015-08-06T12:39:14,36.0
2015-08-06T13:22:10,34.0
2015-08-06T13:40:01,31.0
2015-08-06T13:59:43,32.0
2015-08-06T14:41:47,36.0
2015-08-06T15:00:10,31.0
2015-08-06T15:25:50,41.0
2015-08-06T16:06:12,32.0
2015-08-06T16:21:31,30.0
2015-08-06T16:41:34,30.0
2015-08-06T17:10:22,27.0
2015-08-06T17:57:17,31.0
2015-08-06T18:41:06,30.0
2015-08-06T19:01:30,30.0
2015-08-06T19:20:43,23.0
2015-08-06T19:47:11,30.0
2015-08-06T20:29:11,40.0
2015-08-06T21:28:21,26.0
2015-08-06T21:58:29,24.0
2015-08-06T23:28:35,19.0
2015-08-06T23:55:45,24.0
2015-08-06T06:37:43,40.0
2015-08-06T07:05:44,32.0
2015-08-06T07:19:57,30.0
2015-08-06T08:07:10,54.0
2015-08-06T08:22:05,30.0
2015-08-06T08:40:30,32.0
2015-08-06T09:20:23,30.0
2015-08-06T09:40:24,28.0
2015-08-06T09:57:28,24.0
2015-08-07T10:25:01,30.0
2015-08-07T10:40:04,29.0
2015-08-07T11:21:08,22.0
2015-08-07T11:38:58,32.0
2015-08-07T11:59:55,38.0
2015-08-07T12:19:20,46.0
2015-08-07T12:39:21,30.0
2015-08-07T12:57:04,25.0
2015-08-07T13:16:28,32.0
2015-08-07T14:01:41,30.0
2015-08-07T14:18:17,44.0
2015-08-07T14:39:55,31.0
2015-08-07T15:00:57,34.0
2015-08-07T15:21:25,77.0
2015-08-07T15:42:58,32.0
2015-08-07T16:00:26,37.0
2015-08-07T16:42:25,30.0
2015-08-07T17:00:45,50.0
2015-08-07T17:18:23,29.0
2015-08-07T17:59:18,35.0
2015-08-07T18:20:52,60.0
2015-08-07T18:38:16,30.0
2015-08-07T19:20:56,30.0
2015-08-07T19:40:28,30.0
2015-08-07T19:58:02,32.0
2015-08-07T20:28:10,31.0
2015-08-07T21:00:24,30.0
2015-08-07T21:30:41,30.0
2015-08-07T21:57:48,30.0
2015-08-07T22:32:11,30.0
2015-08-07T22:59:23,30.0
2015-08-07T23:31:18,30.0
2015-08-07T23:59:30,30.0
2015-08-07T05:57:31,31.0
2015-08-07T06:17:26,31.0
2015-08-07T06:38:06,30.0
2015-08-07T07:00:15,44.0
2015-08-07T07:42:59,38.0
2015-08-07T08:05:05,38.0
2015-08-07T08:40:06,34.0
2015-08-07T09:00:20,30.0
2015-08-07T09:17:15,53.0
2015-08-07T09:40:36,32.0
2015-08-08T10:19:27,31.0
2015-08-08T10:38:09,31.0
2015-08-08T11:01:38,30.0
2015-08-08T11:24:16,30.0
2015-08-08T11:42:52,28.0
2015-08-08T12:03:04,32.0
2015-08-08T12:25:19,30.0
2015-08-08T12:56:08,31.0
2015-08-08T13:04:22,30.0
2015-08-08T13:26:40,31.0
2015-08-08T13:45:38,36.0
2015-08-08T14:05:47,37.0
2015-08-08T14:25:23,43.0
2015-08-08T14:47:12,30.0
2015-08-08T15:06:23,30.0
2015-08-08T15:25:32,38.0
2015-08-08T15:45:49,32.0
2015-08-08T16:06:27,30.0
2015-08-08T16:24:16,30.0
2015-08-08T16:55:06,44.0
2015-08-08T17:31:46,30.0
2015-08-08T17:44:51,30.0
2015-08-08T18:07:33,30.0
2015-08-08T18:25:02,30.0
2015-08-08T18:47:14,30.0
2015-08-08T19:17:23,30.0
2015-08-08T19:21:44,30.0
2015-08-08T20:03:08,30.0
2015-08-08T20:28:53,30.0
2015-08-08T20:59:54,32.0
2015-08-08T21:58:57,25.0
2015-08-08T22:31:00,30.0
2015-08-08T23:04:34,30.0
2015-08-08T23:39:31,30.0
2015-08-08T23:57:52,23.0
2015-08-08T00:31:25,30.0
2015-08-08T06:02:53,20.0
2015-08-08T06:36:37,30.0
2015-08-08T06:59:29,32.0
2015-08-08T07:18:54,28.0
2015-08-08T07:39:17,43.0
2015-08-08T08:03:31,30.0
2015-08-08T08:19:23,43.0
2015-08-08T08:39:22,31.0
2015-08-08T09:00:01,30.0
2015-08-08T09:18:37,42.0
2015-08-08T09:42:11,60.0
2015-08-08T10:09:51,30.0
2015-08-09T10:41:03,30.0
2015-08-09T11:01:18,32.0
2015-08-09T11:23:35,28.0
2015-08-09T11:39:25,33.0
2015-08-09T12:08:44,23.0
2015-08-09T12:28:25,36.0
2015-08-09T13:04:25,30.0
2015-08-09T13:29:23,24.0
2015-08-09T13:44:55,31.0
2015-08-09T14:05:24,33.0
2015-08-09T14:25:16,30.0
2015-08-09T14:50:19,26.0
2015-08-09T15:23:15,35.0
2015-08-09T15:45:39,33.0
2015-08-09T16:04:55,30.0
2015-08-09T16:26:35,30.0
2015-08-09T16:43:16,31.0
2015-08-09T17:10:26,30.0
2015-08-09T17:44:45,30.0
2015-08-09T18:05:20,22.0
2015-08-09T18:25:24,30.0
2015-08-09T18:45:20,26.0
2015-08-09T19:04:30,30.0
2015-08-09T20:05:49,28.0
2015-08-09T20:31:15,29.0
2015-08-09T21:00:15,30.0
2015-08-09T21:27:21,27.0
2015-08-09T21:58:41,30.0
2015-08-09T22:59:56,33.0
2015-08-09T23:28:40,30.0
2015-08-09T23:57:01,27.0
2015-08-09T00:31:13,20.0
2015-08-09T06:38:30,19.0
2015-08-09T06:59:49,30.0
2015-08-09T07:16:54,30.0
2015-08-09T07:42:09,30.0
2015-08-09T08:19:02,30.0
2015-08-09T08:40:23,31.0
2015-08-09T08:59:15,30.0
2015-08-09T09:19:50,30.0
2015-08-09T09:38:08,30.0
2015-08-09T09:59:41,35.0
2015-08-10T10:17:35,17.0
2015-08-10T10:40:53,30.0
2015-08-10T11:19:30,18.0
2015-08-10T11:40:38,57.0
2015-08-10T12:03:45,43.0
2015-08-10T12:22:10,36.0
2015-08-10T12:37:04,28.0
2015-08-10T13:01:50,30.0
2015-08-10T13:17:34,30.0
2015-08-10T14:01:22,37.0
2015-08-10T14:23:18,30.0
2015-08-10T14:39:53,30.0
2015-08-10T14:58:42,30.0
2015-08-10T15:21:09,35.0
2015-08-10T15:42:06,45.0
2015-08-10T15:59:06,30.0
2015-08-10T16:40:23,30.0
2015-08-10T17:05:09,33.0
2015-08-10T17:19:51,30.0
2015-08-10T17:42:50,57.0
2015-08-10T17:58:13,30.0
2015-08-10T18:18:59,30.0
2015-08-10T18:47:25,31.0
2015-08-10T19:22:30,30.0
2015-08-10T19:39:32,30.0
2015-08-10T19:56:52,36.0
2015-08-10T20:27:13,34.0
2015-08-10T20:56:32,44.0
2015-08-10T21:28:26,23.0
2015-08-10T22:01:10,19.0
2015-08-10T22:28:54,33.0
2015-08-10T22:54:46,32.0
2015-08-10T23:30:50,30.0
2015-08-10T23:56:21,41.0
2015-08-10T06:01:57,42.0
2015-08-10T06:22:16,25.0
2015-08-10T06:40:08,34.0
2015-08-10T06:59:39,30.0
2015-08-10T07:21:26,35.0
2015-08-10T08:11:59,32.0
2015-08-10T08:40:07,30.0
2015-08-10T09:02:27,32.0
2015-08-10T09:19:33,27.0
2015-08-10T09:40:03,30.0
2015-08-10T09:57:49,34.0
2015-08-11T10:21:27,19.0
2015-08-11T10:40:48,30.0
2015-08-11T11:39:15,40.0
2015-08-11T11:56:19,38.0
2015-08-11T12:21:26,31.0
2015-08-11T12:36:21,30.0
2015-08-11T13:06:06,74.0
2015-08-11T13:18:05,28.0
2015-08-11T14:19:56,39.0
2015-08-11T14:39:29,30.0
2015-08-11T15:00:30,30.0
2015-08-11T15:24:02,48.0
2015-08-11T15:38:31,39.0
2015-08-11T16:00:02,30.0
2015-08-11T17:02:48,30.0
2015-08-11T17:17:55,40.0
2015-08-11T17:43:33,30.0
2015-08-11T17:57:23,30.0
2015-08-11T18:21:44,30.0
2015-08-11T18:41:34,30.0
2015-08-11T19:47:34,24.0
2015-08-11T20:29:40,33.0
2015-08-11T20:58:44,30.0
2015-08-11T21:59:30,30.0
2015-08-11T22:28:20,30.0
2015-08-11T22:58:07,26.0
2015-08-11T23:59:52,30.0
2015-08-11T00:29:46,30.0
2015-08-11T06:20:34,30.0
2015-08-11T06:42:54,36.0
2015-08-11T07:02:25,25.0
2015-08-11T07:23:30,30.0
2015-08-11T07:44:11,28.0
2015-08-11T08:04:51,30.0
2015-08-11T09:00:58,31.0
2015-08-11T09:19:13,35.0
2015-08-11T09:40:22,30.0
2015-08-11T09:58:55,36.0
2015-08-12T10:22:19,30.0
2015-08-12T10:43:15,47.0
2015-08-12T10:58:04,35.0
2015-08-12T11:20:45,30.0
2015-08-12T11:41:17,27.0
2015-08-12T12:20:47,31.0
2015-08-12T12:37:07,56.0
2015-08-12T13:01:55,30.0
2015-08-12T13:21:38,29.0
2015-08-12T13:37:28,30.0
2015-08-12T14:00:11,45.0
2015-08-12T14:20:23,26.0
2015-08-12T14:59:59,36.0
2015-08-12T15:22:48,30.0
2015-08-12T15:40:25,36.0
2015-08-12T16:01:07,30.0
2015-08-12T16:24:18,24.0
2015-08-12T16:44:06,33.0
2015-08-12T16:59:42,30.0
2015-08-12T17:42:39,31.0
2015-08-12T18:01:12,32.0
2015-08-12T18:19:44,30.0
2015-08-12T18:41:15,28.0
2015-08-12T19:01:04,32.0
2015-08-12T19:44:19,38.0
2015-08-12T19:57:02,31.0
2015-08-12T20:57:38,30.0
2015-08-12T21:57:32,30.0
2015-08-12T22:28:29,36.0
2015-08-12T22:57:13,32.0
2015-08-12T23:28:32,30.0
2015-08-12T23:57:18,24.0
2015-08-12T00:28:25,19.0
2015-08-12T05:57:47,30.0
2015-08-12T06:19:46,23.0
2015-08-12T07:00:46,27.0
2015-08-12T07:19:46,33.0
2015-08-12T07:44:03,36.0
2015-08-12T08:08:55,37.0
2015-08-12T08:25:50,23.0
2015-08-12T08:40:43,47.0
2015-08-12T08:57:41,30.0
2015-08-12T09:41:20,30.0
2015-08-12T09:59:19,35.0
2015-08-13T10:27:04,30.0
2015-08-13T11:01:07,31.0
2015-08-13T11:20:30,30.0
2015-08-13T11:40:23,31.0
2015-08-13T11:57:43,26.0
2015-08-13T12:21:46,35.0
2015-08-13T12:40:56,30.0
2015-08-13T13:08:07,30.0
2015-08-13T13:41:18,19.0
2015-08-13T14:00:09,37.0
2015-08-13T14:20:45,30.0
2015-08-13T14:40:09,30.0
2015-08-13T15:05:25,30.0
2015-08-13T15:25:35,30.0
2015-08-13T15:40:15,45.0
2015-08-13T16:20:45,31.0
2015-08-13T16:42:35,32.0
2015-08-13T17:07:58,30.0
2015-08-13T17:19:10,24.0
2015-08-13T17:42:24,36.0
2015-08-13T17:58:41,31.0
2015-08-13T18:20:18,30.0
2015-08-13T19:02:03,30.0
2015-08-13T19:20:56,30.0
2015-08-13T19:45:32,49.0
2015-08-13T20:28:57,30.0
2015-08-13T20:57:14,30.0
2015-08-13T21:30:11,30.0
2015-08-13T22:28:45,28.0
2015-08-13T22:58:03,41.0
2015-08-13T23:28:43,28.0
2015-08-13T00:28:26,27.0
2015-08-13T06:00:29,30.0
2015-08-13T06:42:39,31.0
2015-08-13T07:01:34,29.0
2015-08-13T07:21:33,30.0
2015-08-13T07:46:34,44.0
2015-08-13T08:23:41,28.0
2015-08-13T08:38:24,30.0
2015-08-13T08:57:47,30.0
2015-08-13T09:20:34,48.0
2015-08-13T09:40:06,28.0
2015-08-13T10:00:49,44.0
2015-08-14T10:25:27,26.0
2015-08-14T10:42:00,39.0
2015-08-14T11:01:16,21.0
2015-08-14T11:19:15,29.0
2015-08-14T11:38:16,30.0
2015-08-14T11:59:45,36.0
2015-08-14T12:21:10,22.0
2015-08-14T12:39:50,30.0
2015-08-14T13:03:59,33.0
2015-08-14T13:21:05,30.0
2015-08-14T14:01:17,28.0
2015-08-14T14:21:29,43.0
2015-08-14T14:39:56,30.0
2015-08-14T15:04:30,30.0
2015-08-14T15:26:36,35.0
2015-08-14T15:39:02,30.0
2015-08-14T16:00:53,33.0
2015-08-14T16:19:29,30.0
2015-08-14T16:42:50,30.0
2015-08-14T17:04:21,30.0
2015-08-14T17:24:51,30.0
2015-08-14T17:39:35,27.0
2015-08-14T18:00:21,30.0
2015-08-14T18:17:50,30.0
2015-08-14T18:38:13,30.0
2015-08-14T19:01:42,30.0
2015-08-14T19:21:00,30.0
2015-08-14T19:40:28,25.0
2015-08-14T19:58:00,26.0
2015-08-14T20:29:01,31.0
2015-08-14T20:56:42,31.0
2015-08-14T21:29:25,31.0
2015-08-14T21:58:03,31.0
2015-08-14T22:27:58,29.0
2015-08-14T22:56:32,32.0
2015-08-14T23:31:53,30.0
2015-08-14T23:58:15,30.0
2015-08-14T00:28:33,18.0
2015-08-14T05:58:09,35.0
2015-08-14T06:19:27,35.0
2015-08-14T06:38:22,33.0
2015-08-14T06:59:50,31.0
2015-08-14T07:21:32,34.0
2015-08-14T07:39:45,30.0
2015-08-14T08:02:50,54.0
2015-08-14T08:18:13,36.0
2015-08-14T08:40:37,35.0
2015-08-14T09:01:10,42.0
2015-08-14T09:18:13,37.0
2015-08-14T09:40:23,32.0
2015-08-14T10:00:22,30.0
2015-08-15T10:28:38,27.0
2015-08-15T10:44:27,25.0
2015-08-15T11:00:02,31.0
2015-08-15T12:28:30,26.0
2015-08-15T12:51:53,30.0
2015-08-15T13:02:50,30.0
2015-08-15T13:47:37,31.0
2015-08-15T14:24:18,23.0
2015-08-15T14:55:13,30.0
2015-08-15T15:09:09,28.0
2015-08-15T15:29:25,30.0
2015-08-15T15:47:06,30.0
2015-08-15T16:06:29,32.0
2015-08-15T16:53:10,36.0
2015-08-15T17:26:10,30.0
2015-08-15T17:45:11,29.0
2015-08-15T18:07:01,31.0
2015-08-15T18:31:17,30.0
2015-08-15T19:15:38,34.0
2015-08-15T19:22:00,30.0
2015-08-15T19:41:08,30.0
2015-08-15T20:03:56,44.0
2015-08-15T20:30:01,27.0
2015-08-15T21:58:27,31.0
2015-08-15T22:32:25,32.0
2015-08-15T23:30:13,32.0
2015-08-15T23:57:47,28.0
2015-08-15T00:26:28,23.0
2015-08-15T05:58:23,31.0
2015-08-15T06:37:43,30.0
2015-08-15T06:58:29,30.0
2015-08-15T07:19:00,29.0
2015-08-15T07:39:46,30.0
2015-08-15T08:01:27,34.0
2015-08-15T08:20:10,44.0
2015-08-15T08:40:14,33.0
2015-08-15T09:01:35,42.0
2015-08-15T09:28:28,24.0
2015-08-15T10:00:19,30.0
2015-08-16T10:39:41,30.0
2015-08-16T11:00:37,55.0
2015-08-16T11:19:27,31.0
2015-08-16T11:45:04,30.0
2015-08-16T12:04:44,19.0
2015-08-16T12:27:57,32.0
2015-08-16T13:06:47,30.0
2015-08-16T13:31:15,25.0
2015-08-16T13:44:50,23.0
2015-08-16T14:07:21,30.0
2015-08-16T14:23:32,42.0
2015-08-16T14:46:31,30.0
2015-08-16T15:23:54,36.0
2015-08-16T15:54:16,29.0
2015-08-16T16:05:16,25.0
2015-08-16T16:24:57,27.0
2015-08-16T16:43:22,29.0
2015-08-16T17:12:19,31.0
2015-08-16T17:47:11,30.0
2015-08-16T18:08:56,25.0
2015-08-16T18:45:34,30.0
2015-08-16T19:03:29,25.0
2015-08-16T19:24:44,30.0
2015-08-16T20:03:59,19.0
2015-08-16T20:31:37,34.0
2015-08-16T21:02:18,31.0
2015-08-16T21:26:49,30.0
2015-08-16T21:58:56,30.0
2015-08-16T22:29:44,30.0
2015-08-16T22:59:11,33.0
2015-08-16T23:26:03,30.0
2015-08-16T23:58:23,31.0
2015-08-16T00:30:51,30.0
2015-08-16T06:43:07,30.0
2015-08-16T07:22:52,29.0
2015-08-16T07:45:30,30.0
2015-08-16T08:19:31,30.0
2015-08-16T08:39:58,45.0
2015-08-16T08:58:16,30.0
2015-08-16T09:21:16,32.0
2015-08-16T09:42:25,19.0
2015-08-16T10:04:38,34.0
2015-08-17T10:21:20,30.0
2015-08-17T10:44:19,21.0
2015-08-17T10:56:14,40.0
2015-08-17T11:20:42,45.0
2015-08-17T11:59:23,30.0
2015-08-17T12:21:19,43.0
2015-08-17T12:38:28,30.0
2015-08-17T13:01:22,30.0
2015-08-17T13:19:13,30.0
2015-08-17T13:37:18,42.0
2015-08-17T14:01:39,30.0
2015-08-17T14:42:55,58.0
2015-08-17T14:59:58,30.0
2015-08-17T15:24:16,27.0
2015-08-17T15:42:42,53.0
2015-08-17T16:00:47,29.0
2015-08-17T16:19:44,30.0
2015-08-17T16:47:10,41.0
2015-08-17T17:25:34,30.0
2015-08-17T17:40:22,30.0
2015-08-17T17:59:24,36.0
2015-08-17T18:22:16,31.0
2015-08-17T18:40:40,30.0
2015-08-17T18:59:55,30.0
2015-08-17T19:20:58,30.0
2015-08-17T19:59:08,31.0
2015-08-17T20:28:59,31.0
2015-08-17T20:48:42,31.0
2015-08-17T21:27:37,30.0
2015-08-17T22:59:18,30.0
2015-08-17T00:26:50,33.0
2015-08-17T06:39:03,41.0
2015-08-17T07:01:41,33.0
2015-08-17T07:19:43,37.0
2015-08-17T07:39:48,30.0
2015-08-17T08:02:20,40.0
2015-08-17T08:21:58,34.0
2015-08-17T08:40:07,36.0
2015-08-17T09:26:38,30.0
2015-08-17T09:39:29,38.0
2015-08-17T09:59:34,30.0
2015-08-18T10:28:24,34.0
2015-08-18T10:44:31,30.0
2015-08-18T10:54:54,30.0
2015-08-18T11:20:15,30.0
2015-08-18T11:58:51,30.0
2015-08-18T12:19:01,47.0
2015-08-18T12:36:14,23.0
2015-08-18T12:57:31,30.0
2015-08-18T13:20:47,27.0
2015-08-18T13:39:55,30.0
2015-08-18T14:01:49,30.0
2015-08-18T14:55:30,32.0
2015-08-18T15:23:00,33.0
2015-08-18T15:45:09,27.0
2015-08-18T16:01:40,47.0
2015-08-18T16:20:35,32.0
2015-08-18T16:42:55,30.0
2015-08-18T17:41:31,30.0
2015-08-18T18:00:52,41.0
2015-08-18T18:24:12,52.0
2015-08-18T18:40:09,42.0
2015-08-18T19:00:41,68.0
2015-08-18T19:21:26,30.0
2015-08-18T20:27:44,30.0
2015-08-18T20:57:45,30.0
2015-08-18T21:31:52,30.0
2015-08-18T22:01:06,30.0
2015-08-18T22:59:19,25.0
2015-08-18T23:28:58,30.0
2015-08-18T06:01:29,43.0
2015-08-18T06:42:17,34.0
2015-08-18T06:57:03,47.0
2015-08-18T07:20:39,29.0
2015-08-18T07:44:08,30.0
2015-08-18T08:26:58,27.0
2015-08-18T08:40:18,37.0
2015-08-18T09:16:51,30.0
2015-08-18T09:39:38,33.0
2015-08-18T09:58:03,33.0
2015-08-19T10:21:08,59.0
2015-08-19T10:40:42,28.0
2015-08-19T10:56:37,43.0
2015-08-19T11:18:15,30.0
2015-08-19T11:39:57,30.0
2015-08-19T11:58:01,30.0
2015-08-19T12:19:29,30.0
2015-08-19T12:38:35,32.0
2015-08-19T12:56:12,23.0
2015-08-19T13:20:47,28.0
2015-08-19T13:37:52,17.0
2015-08-19T14:01:08,45.0
2015-08-19T14:19:46,30.0
2015-08-19T14:51:11,32.0
2015-08-19T15:23:32,31.0
2015-08-19T15:40:01,31.0
2015-08-19T16:01:45,30.0
2015-08-19T16:20:44,31.0
2015-08-19T16:43:06,31.0
2015-08-19T17:40:51,29.0
2015-08-19T17:57:30,32.0
2015-08-19T18:17:59,30.0
2015-08-19T18:42:27,30.0
2015-08-19T18:59:41,30.0
2015-08-19T19:21:09,31.0
2015-08-19T20:28:19,33.0
2015-08-19T20:56:12,18.0
2015-08-19T21:28:23,31.0
2015-08-19T21:57:46,17.0
2015-08-19T22:30:03,30.0
2015-08-19T22:59:19,34.0
2015-08-19T23:29:14,31.0
2015-08-19T23:59:00,31.0
2015-08-19T05:57:24,43.0
2015-08-19T06:37:02,39.0
2015-08-19T07:01:46,34.0
2015-08-19T07:19:31,26.0
2015-08-19T07:40:13,28.0
2015-08-19T08:05:07,29.0
2015-08-19T08:22:14,43.0
2015-08-19T08:39:25,30.0
2015-08-19T09:21:58,35.0
2015-08-19T09:38:08,27.0
2015-08-19T09:57:39,45.0
2015-08-20T10:25:07,39.0
2015-08-20T10:41:08,19.0
2015-08-20T10:59:18,30.0
2015-08-20T11:19:04,24.0
2015-08-20T12:24:45,30.0
2015-08-20T12:37:34,30.0
2015-08-20T12:55:48,30.0
2015-08-20T13:20:47,32.0
2015-08-20T13:37:11,56.0
2015-08-20T14:02:27,45.0
2015-08-20T14:59:44,30.0
2015-08-20T15:23:03,30.0
2015-08-20T15:40:00,41.0
2015-08-20T15:58:06,30.0
2015-08-20T16:20:44,30.0
2015-08-20T16:42:23,30.0
2015-08-20T17:51:18,30.0
2015-08-20T18:24:01,30.0
2015-08-20T18:36:51,30.0
2015-08-20T18:58:44,30.0
2015-08-20T19:21:16,31.0
2015-08-20T20:29:40,34.0
2015-08-20T20:57:40,42.0
2015-08-20T21:29:05,30.0
2015-08-20T21:58:01,37.0
2015-08-20T22:29:04,28.0
2015-08-20T23:02:16,30.0
2015-08-20T23:31:31,30.0
2015-08-20T23:59:47,34.0
2015-08-20T00:32:07,30.0
2015-08-20T07:01:45,30.0
2015-08-20T07:15:52,38.0
2015-08-20T07:43:07,33.0
2015-08-20T08:10:20,91.0
2015-08-20T08:23:58,39.0
2015-08-20T08:41:37,30.0
2015-08-20T09:39:38,32.0
2015-08-20T09:58:41,28.0
2015-08-21T10:19:57,32.0
2015-08-21T10:39:29,34.0
2015-08-21T10:57:21,30.0
2015-08-21T11:22:04,40.0
2015-08-21T11:38:23,90.0
2015-08-21T11:59:49,31.0
2015-08-21T12:39:32,31.0
2015-08-21T12:57:30,30.0
2015-08-21T13:17:10,30.0
2015-08-21T13:39:49,29.0
2015-08-21T13:59:05,30.0
2015-08-21T14:19:37,30.0
2015-08-21T14:43:35,30.0
2015-08-21T15:22:20,45.0
2015-08-21T15:42:03,31.0
2015-08-21T15:59:57,30.0
2015-08-21T16:20:45,30.0
2015-08-21T16:42:08,32.0
2015-08-21T17:00:52,34.0
2015-08-21T17:59:07,30.0
2015-08-21T18:19:43,30.0
2015-08-21T18:37:34,30.0
2015-08-21T18:59:51,30.0
2015-08-21T19:21:18,30.0
2015-08-21T19:38:48,36.0
2015-08-21T20:02:21,25.0
2015-08-21T20:27:34,29.0
2015-08-21T20:57:24,30.0
2015-08-21T21:32:03,31.0
2015-08-21T21:58:55,30.0
2015-08-21T22:29:06,26.0
2015-08-21T22:57:51,31.0
2015-08-21T23:28:50,25.0
2015-08-21T23:58:32,20.0
2015-08-21T00:29:45,28.0
2015-08-21T06:20:54,30.0
2015-08-21T06:40:05,34.0
2015-08-21T07:19:20,28.0
2015-08-21T07:38:56,39.0
2015-08-21T08:09:40,44.0
2015-08-21T08:20:16,34.0
2015-08-21T08:42:14,35.0
2015-08-21T09:00:12,29.0
2015-08-21T09:20:10,36.0
2015-08-21T10:01:25,30.0
2015-08-22T11:23:40,30.0
2015-08-22T11:42:14,27.0
2015-08-22T12:05:45,27.0
2015-08-22T12:25:18,33.0
2015-08-22T13:45:30,30.0
2015-08-22T14:05:35,32.0
2015-08-22T14:25:24,25.0
2015-08-22T14:49:38,30.0
2015-08-22T16:09:37,31.0
2015-08-22T16:28:40,42.0
2015-08-22T17:32:18,33.0
2015-08-22T18:24:49,30.0
2015-08-22T18:50:01,30.0
2015-08-22T19:10:31,30.0
2015-08-22T19:20:20,30.0
2015-08-22T20:35:15,30.0
2015-08-22T21:01:25,30.0
2015-08-22T22:00:52,21.0
2015-08-22T22:29:56,23.0
2015-08-22T22:57:27,30.0
2015-08-22T23:56:31,33.0
2015-08-22T00:29:03,18.0
2015-08-22T07:00:51,30.0
2015-08-22T07:18:48,28.0
2015-08-22T07:41:21,37.0
2015-08-22T08:59:34,30.0
2015-08-22T09:23:36,30.0
2015-08-22T09:39:01,27.0
2015-08-22T09:56:38,30.0
2015-08-23T21:59:25,30.0
2015-08-23T22:28:17,20.0
2015-08-23T23:59:33,30.0
2015-08-23T00:27:44,26.0
2015-08-24T10:39:49,23.0
2015-08-24T11:20:08,30.0
2015-08-24T10:59:22,30.0
2015-08-24T11:40:51,30.0
2015-08-24T11:57:55,35.0
2015-08-24T12:18:16,30.0
2015-08-24T12:37:54,39.0
2015-08-24T13:19:29,28.0
2015-08-24T14:00:29,48.0
2015-08-24T13:38:01,30.0
2015-08-24T14:18:30,30.0
2015-08-24T14:40:56,33.0
2015-08-24T15:01:11,28.0
2015-08-24T15:20:07,30.0
2015-08-24T16:00:04,50.0
2015-08-24T16:42:37,35.0
2015-08-24T16:23:40,30.0
2015-08-24T16:57:22,30.0
2015-08-24T17:20:56,31.0
2015-08-24T17:38:24,28.0
2015-08-24T17:58:40,30.0
2015-08-24T18:41:42,35.0
2015-08-24T19:17:45,30.0
2015-08-24T18:59:31,31.0
2015-08-24T19:35:54,30.0
2015-08-24T19:56:51,30.0
2015-08-24T20:29:48,31.0
2015-08-24T22:30:22,30.0
2015-08-24T00:28:26,18.0
2015-08-24T06:21:11,30.0
2015-08-24T06:36:46,37.0
2015-08-24T07:00:20,32.0
2015-08-24T07:19:48,29.0
2015-08-24T08:01:01,43.0
2015-08-24T08:39:50,32.0
2015-08-24T08:20:33,30.0
2015-08-24T09:02:30,42.0
2015-08-24T09:16:29,30.0
2015-08-24T09:40:36,37.0
2015-08-24T09:57:47,29.0
2015-08-25T10:42:38,44.0
2015-08-25T11:09:36,18.0
2015-08-25T11:58:34,36.0
2015-08-25T12:40:00,30.0
2015-08-25T13:22:03,41.0
2015-08-25T13:59:51,30.0
2015-08-25T14:39:00,34.0
2015-08-25T15:21:42,29.0
2015-08-25T16:00:17,31.0
2015-08-25T16:41:57,30.0
2015-08-25T17:18:50,32.0
2015-08-25T17:59:09,31.0
2015-08-25T18:38:19,32.0
2015-08-25T19:19:41,28.0
2015-08-25T19:59:13,31.0
2015-08-25T20:28:28,37.0
2015-08-25T21:26:51,19.0
2015-08-25T23:29:25,24.0
2015-08-25T00:28:35,30.0
2015-08-25T05:58:14,41.0
2015-08-25T06:35:20,36.0
2015-08-25T07:19:03,29.0
2015-08-25T08:11:05,32.0
2015-08-25T08:23:42,30.0
2015-08-25T08:39:14,34.0
2015-08-25T09:20:36,35.0
2015-08-25T09:58:46,31.0
2015-08-26T10:18:10,42.0
2015-08-26T10:40:07,34.0
2015-08-26T10:57:06,45.0
2015-08-26T11:18:48,43.0
2015-08-26T12:01:08,36.0
2015-08-26T12:20:03,29.0
2015-08-26T12:37:03,27.0
2015-08-26T12:56:07,30.0
2015-08-26T13:38:18,30.0
2015-08-26T14:00:32,46.0
2015-08-26T14:41:23,39.0
2015-08-26T15:00:51,30.0
2015-08-26T15:23:59,30.0
2015-08-26T15:40:28,30.0
2015-08-26T16:01:25,30.0
2015-08-26T16:18:49,30.0
2015-08-26T16:43:09,34.0
2015-08-26T17:22:31,30.0
2015-08-26T17:40:12,30.0
2015-08-26T17:58:31,30.0
2015-08-26T18:22:43,32.0
2015-08-26T18:39:47,44.0
2015-08-26T19:01:34,29.0
2015-08-26T19:20:27,31.0
2015-08-26T19:56:08,29.0
2015-08-26T20:27:45,30.0
2015-08-26T20:58:51,44.0
2015-08-26T21:29:23,29.0
2015-08-26T22:28:20,30.0
2015-08-26T22:56:44,30.0
2015-08-26T23:28:24,30.0
2015-08-26T00:06:36,30.0
2015-08-26T05:58:20,31.0
2015-08-26T07:03:41,30.0
2015-08-26T07:17:50,29.0
2015-08-26T07:39:46,28.0
2015-08-26T08:04:14,30.0
2015-08-26T08:20:31,33.0
2015-08-26T08:39:36,39.0
2015-08-26T09:23:28,31.0
2015-08-26T09:41:47,30.0
2015-08-26T09:57:50,37.0
2015-08-27T10:41:12,37.0
2015-08-27T10:57:49,31.0
2015-08-27T11:20:48,31.0
2015-08-27T12:01:04,46.0
2015-08-27T12:21:39,28.0
2015-08-27T12:36:41,30.0
2015-08-27T12:57:58,30.0
2015-08-27T13:19:37,37.0
2015-08-27T13:41:39,28.0
2015-08-27T14:00:15,35.0
2015-08-27T15:04:39,32.0
2015-08-27T15:20:27,30.0
2015-08-27T15:43:10,33.0
2015-08-27T15:59:18,43.0
2015-08-27T16:24:20,43.0
2015-08-27T16:42:23,28.0
2015-08-27T17:38:40,39.0
2015-08-27T17:58:39,30.0
2015-08-27T18:18:31,29.0
2015-08-27T18:36:36,30.0
2015-08-27T19:03:28,30.0
2015-08-27T19:21:55,30.0
2015-08-27T20:28:38,35.0
2015-08-27T20:57:55,31.0
2015-08-27T21:30:32,28.0
2015-08-27T21:58:39,39.0
2015-08-27T22:28:10,25.0
2015-08-27T22:57:38,30.0
2015-08-27T23:27:22,30.0
2015-08-27T23:59:25,20.0
2015-08-27T00:36:15,32.0
2015-08-27T06:37:08,35.0
2015-08-27T07:03:11,36.0
2015-08-27T07:19:54,30.0
2015-08-27T07:42:01,30.0
2015-08-27T08:05:45,36.0
2015-08-27T08:20:59,30.0
2015-08-27T08:38:17,30.0
2015-08-27T09:20:12,40.0
2015-08-27T09:40:44,29.0
2015-08-27T09:56:55,31.0
2015-08-28T10:17:57,31.0
2015-08-28T11:00:21,28.0
2015-08-28T11:24:44,30.0
2015-08-28T11:40:03,30.0
2015-08-28T12:18:58,27.0
2015-08-28T12:39:54,25.0
2015-08-28T12:57:33,24.0
2015-08-28T13:42:23,30.0
2015-08-28T14:00:40,30.0
2015-08-28T14:20:06,30.0
2015-08-28T15:00:16,29.0
2015-08-28T15:25:19,34.0
2015-08-28T15:41:04,30.0
2015-08-28T16:20:26,30.0
2015-08-28T16:42:20,34.0
2015-08-28T16:54:48,30.0
2015-08-28T17:37:44,28.0
2015-08-28T17:58:20,33.0
2015-08-28T18:20:20,30.0
2015-08-28T18:58:38,30.0
2015-08-28T19:19:47,30.0
2015-08-28T19:30:28,30.0
2015-08-28T20:28:37,30.0
2015-08-28T21:00:38,30.0
2015-08-28T21:58:32,30.0
2015-08-28T22:26:35,28.0
2015-08-28T22:57:22,47.0
2015-08-28T23:27:36,30.0
2015-08-28T23:57:57,30.0
2015-08-28T00:28:54,22.0
2015-08-28T05:58:06,30.0
2015-08-28T06:19:17,26.0
2015-08-28T07:00:11,29.0
2015-08-28T07:19:52,43.0
2015-08-28T07:41:39,28.0
2015-08-28T08:21:24,31.0
2015-08-28T08:44:10,32.0
2015-08-28T08:57:52,30.0
2015-08-28T09:40:15,39.0
2015-08-28T10:00:20,53.0
2015-08-29T00:26:26,26.0
2015-09-01T10:22:05,30.0
2015-09-01T10:45:49,33.0
2015-09-01T11:01:29,30.0
2015-09-01T11:19:06,26.0
2015-09-01T11:58:28,40.0
2015-09-01T12:21:34,30.0
2015-09-01T12:40:57,34.0
2015-09-01T13:00:05,30.0
2015-09-01T13:19:00,30.0
2015-09-01T13:37:30,37.0
2015-09-01T14:04:38,26.0
2015-09-01T14:39:41,30.0
2015-09-01T15:00:24,46.0
2015-09-01T15:25:12,30.0
2015-09-01T15:42:25,34.0
2015-09-01T15:59:40,28.0
2015-09-01T16:21:44,30.0
2015-09-01T16:44:20,30.0
2015-09-01T17:19:38,30.0
2015-09-01T17:41:14,34.0
2015-09-01T17:57:50,30.0
2015-09-01T18:20:51,37.0
2015-09-01T18:40:08,30.0
2015-09-01T19:01:13,31.0
2015-09-01T19:21:07,30.0
2015-09-01T19:57:40,30.0
2015-09-01T20:27:37,31.0
2015-09-01T20:58:48,30.0
2015-09-01T21:30:15,30.0
2015-09-01T22:09:29,22.0
2015-09-01T22:28:23,30.0
2015-09-01T22:59:23,34.0
2015-09-01T23:29:18,20.0
2015-09-01T00:27:26,27.0
2015-09-01T06:00:35,30.0
2015-09-01T06:39:28,45.0
2015-09-01T07:03:03,34.0
2015-09-01T07:17:34,27.0
2015-09-01T07:45:07,32.0
2015-09-01T08:09:05,51.0
2015-09-01T08:19:16,35.0
2015-09-01T08:38:17,34.0
2015-09-01T09:21:49,38.0
2015-09-01T09:43:48,36.0
2015-09-01T09:59:22,34.0
2015-09-02T10:20:44,32.0
2015-09-02T10:40:03,30.0
2015-09-02T11:00:14,31.0
2015-09-02T11:17:12,30.0
2015-09-02T11:39:39,30.0
2015-09-02T11:58:21,33.0
2015-09-02T12:59:46,30.0
2015-09-02T13:19:40,18.0
2015-09-02T13:39:16,30.0
2015-09-02T14:00:52,30.0
2015-09-02T14:18:15,36.0
2015-09-02T14:40:49,30.0
2015-09-02T14:57:23,22.0
2015-09-02T15:26:53,36.0
2015-09-02T15:40:27,30.0
2015-09-02T15:59:03,29.0
2015-09-02T16:22:18,30.0
2015-09-02T16:39:53,30.0
2015-09-02T17:03:56,44.0
2015-09-02T17:20:14,32.0
2015-09-02T17:39:42,30.0
2015-09-02T17:59:23,28.0
2015-09-02T18:19:28,30.0
2015-09-02T18:39:03,30.0
2015-09-02T19:01:31,30.0
2015-09-02T19:21:32,29.0
2015-09-02T19:40:05,30.0
2015-09-02T19:58:32,55.0
2015-09-02T20:29:00,42.0
2015-09-02T21:07:28,30.0
2015-09-02T21:28:57,41.0
2015-09-02T21:58:09,37.0
2015-09-02T22:31:12,27.0
2015-09-02T22:58:12,29.0
2015-09-02T23:30:18,28.0
2015-09-02T23:57:27,29.0
2015-09-02T00:29:02,18.0
2015-09-02T05:56:59,30.0
2015-09-02T06:20:32,30.0
2015-09-02T06:38:40,35.0
2015-09-02T07:16:39,30.0
2015-09-02T07:36:56,31.0
2015-09-02T08:01:43,30.0
2015-09-02T08:18:41,65.0
2015-09-02T08:38:32,40.0
2015-09-02T08:58:30,34.0
2015-09-02T09:19:23,38.0
2015-09-02T09:40:29,30.0
2015-09-02T09:59:41,30.0
2015-09-03T10:20:07,47.0
2015-09-03T10:58:42,32.0
2015-09-03T11:19:45,23.0
2015-09-03T11:40:09,59.0
2015-09-03T11:59:29,71.0
2015-09-03T12:22:16,34.0
2015-09-03T12:36:53,43.0
2015-09-03T13:02:10,30.0
2015-09-03T13:39:49,38.0
2015-09-03T14:01:39,30.0
2015-09-03T14:21:16,23.0
2015-09-03T14:59:22,34.0
2015-09-03T15:21:41,34.0
2015-09-03T15:38:42,30.0
2015-09-03T16:20:45,30.0
2015-09-03T16:42:41,29.0
2015-09-03T17:00:49,30.0
2015-09-03T17:18:29,26.0
2015-09-03T17:39:39,32.0
2015-09-03T18:03:06,30.0
2015-09-03T18:19:07,30.0
2015-09-03T18:54:51,30.0
2015-09-03T19:20:54,30.0
2015-09-03T19:39:41,42.0
2015-09-03T19:58:13,30.0
2015-09-03T20:31:04,30.0
2015-09-03T21:00:08,30.0
2015-09-03T21:29:15,30.0
2015-09-03T21:58:17,25.0
2015-09-03T22:56:16,27.0
2015-09-03T23:29:12,31.0
2015-09-03T23:58:08,30.0
2015-09-03T00:28:21,29.0
2015-09-03T05:59:16,40.0
2015-09-03T06:21:53,31.0
2015-09-03T06:38:48,37.0
2015-09-03T07:01:38,27.0
2015-09-03T07:21:06,34.0
2015-09-03T07:39:35,31.0
2015-09-03T08:22:25,42.0
2015-09-03T08:40:13,50.0
2015-09-03T08:59:26,32.0
2015-09-03T09:21:16,30.0
2015-09-03T09:42:50,45.0
2015-09-03T09:57:45,33.0
2015-09-04T10:22:45,30.0
2015-09-04T10:45:56,29.0
2015-09-04T11:01:27,24.0
2015-09-04T11:19:37,32.0
2015-09-04T11:38:58,59.0
2015-09-04T13:00:53,31.0
2015-09-04T13:18:55,35.0
2015-09-04T13:46:24,30.0
2015-09-04T14:20:09,30.0
2015-09-04T15:40:50,50.0
2015-09-04T16:22:11,30.0
2015-09-04T16:42:10,30.0
2015-09-04T17:10:03,55.0
2015-09-04T18:03:51,41.0
2015-09-04T18:19:14,30.0
2015-09-04T18:38:34,30.0
2015-09-04T19:01:14,31.0
2015-09-04T19:19:54,30.0
2015-09-04T20:59:21,30.0
2015-09-04T21:28:42,30.0
2015-09-04T22:30:26,30.0
2015-09-04T22:55:42,30.0
2015-09-04T23:27:48,27.0
2015-09-04T06:19:24,25.0
2015-09-04T06:37:52,30.0
2015-09-04T07:40:00,31.0
2015-09-04T08:08:56,30.0
2015-09-04T08:20:48,31.0
2015-09-04T08:41:01,33.0
2015-09-04T08:57:27,30.0
2015-09-04T09:18:16,43.0
2015-09-05T10:27:17,36.0
2015-09-05T10:44:41,30.0
2015-09-05T11:01:08,30.0
2015-09-05T11:41:16,23.0
2015-09-05T12:10:33,25.0
2015-09-05T12:26:06,36.0
2015-09-05T13:09:46,28.0
2015-09-05T13:26:58,37.0
2015-09-05T14:08:26,34.0
2015-09-05T14:24:22,30.0
2015-09-05T14:43:53,25.0
2015-09-05T15:06:42,44.0
2015-09-05T15:26:14,30.0
2015-09-05T16:26:57,30.0
2015-09-05T16:46:38,30.0
2015-09-05T17:07:49,30.0
2015-09-05T17:24:13,30.0
2015-09-05T17:46:15,31.0
2015-09-05T18:48:31,42.0
2015-09-05T19:05:36,30.0
2015-09-05T19:31:42,32.0
2015-09-05T19:42:35,30.0
2015-09-05T20:31:21,30.0
2015-09-05T20:59:29,30.0
2015-09-05T21:27:11,25.0
2015-09-05T22:00:22,26.0
2015-09-05T22:27:31,22.0
2015-09-05T22:55:36,30.0
2015-09-05T23:31:55,30.0
2015-09-05T23:57:17,28.0
2015-09-05T00:26:35,36.0
2015-09-05T05:59:17,30.0
2015-09-05T06:17:30,30.0
2015-09-05T06:37:48,30.0
2015-09-05T07:17:19,31.0
2015-09-05T07:39:27,30.0
2015-09-05T07:57:43,30.0
2015-09-05T08:20:35,30.0
2015-09-05T08:38:56,33.0
2015-09-05T09:21:01,30.0
2015-09-05T09:40:46,32.0
2015-09-05T10:04:06,30.0
2015-09-06T10:19:05,30.0
2015-09-06T10:39:51,30.0
2015-09-06T11:00:27,30.0
2015-09-06T11:24:57,25.0
2015-09-06T11:42:40,30.0
2015-09-06T12:04:11,24.0
2015-09-06T12:24:37,30.0
2015-09-06T12:44:20,30.0
2015-09-06T13:06:25,30.0
2015-09-06T13:28:01,24.0
2015-09-06T13:44:23,30.0
2015-09-06T14:05:11,30.0
2015-09-06T14:26:49,33.0
2015-09-06T14:46:23,21.0
2015-09-06T15:04:08,24.0
2015-09-06T15:24:43,29.0
2015-09-06T15:57:25,30.0
2015-09-06T16:08:40,30.0
2015-09-06T16:22:10,30.0
2015-09-06T16:45:25,30.0
2015-09-06T17:06:48,33.0
2015-09-06T17:24:36,30.0
2015-09-06T17:45:24,30.0
2015-09-06T18:07:06,32.0
2015-09-06T18:21:56,30.0
2015-09-06T18:44:37,28.0
2015-09-06T19:00:26,30.0
2015-09-06T19:24:44,36.0
2015-09-06T19:42:29,25.0
2015-09-06T20:03:35,42.0
2015-09-06T20:20:25,28.0
2015-09-06T21:03:23,28.0
2015-09-06T21:26:29,30.0
2015-09-06T21:57:44,30.0
2015-09-06T22:33:02,24.0
2015-09-06T22:59:48,31.0
2015-09-06T23:27:07,36.0
2015-09-06T23:57:47,30.0
2015-09-06T00:28:59,31.0
2015-09-06T06:01:54,30.0
2015-09-06T06:40:04,30.0
2015-09-06T06:57:58,36.0
2015-09-06T07:15:50,31.0
2015-09-06T07:39:08,30.0
2015-09-06T08:00:14,57.0
2015-09-06T08:19:07,36.0
2015-09-06T08:38:42,46.0
2015-09-06T09:00:35,30.0
2015-09-06T09:17:48,30.0
2015-09-06T09:43:42,30.0
2015-09-06T09:58:48,36.0
2015-09-07T10:22:54,30.0
2015-09-07T11:02:01,31.0
2015-09-07T11:37:11,24.0
2015-09-07T11:40:08,31.0
2015-09-07T12:02:35,30.0
2015-09-07T12:27:00,45.0
2015-09-07T12:43:52,30.0
2015-09-07T13:27:27,33.0
2015-09-07T13:46:51,26.0
2015-09-07T14:04:16,30.0
2015-09-07T14:29:31,30.0
2015-09-07T14:50:06,31.0
2015-09-07T15:04:47,26.0
2015-09-07T15:47:03,23.0
2015-09-07T16:06:20,30.0
2015-09-07T16:29:12,30.0
2015-09-07T16:42:48,30.0
2015-09-07T17:19:16,40.0
2015-09-07T17:25:20,30.0
2015-09-07T18:11:19,30.0
2015-09-07T18:24:03,34.0
2015-09-07T18:44:02,33.0
2015-09-07T19:02:01,29.0
2015-09-07T19:40:23,35.0
2015-09-07T19:44:06,36.0
2015-09-07T20:29:58,31.0
2015-09-07T20:59:17,30.0
2015-09-07T21:58:43,36.0
2015-09-07T22:30:10,30.0
2015-09-07T22:59:52,30.0
2015-09-07T23:25:37,30.0
2015-09-07T00:28:58,27.0
2015-09-07T06:00:41,30.0
2015-09-07T06:21:33,30.0
2015-09-07T06:37:54,30.0
2015-09-07T07:05:45,30.0
2015-09-07T07:17:27,30.0
2015-09-07T07:43:08,36.0
2015-09-07T07:59:20,30.0
2015-09-07T08:40:56,47.0
2015-09-07T09:09:13,30.0
2015-09-07T09:18:40,30.0
2015-09-07T09:42:02,30.0
2015-09-07T10:00:27,33.0
2015-09-08T10:21:49,30.0
2015-09-08T10:42:16,42.0
2015-09-08T10:56:35,25.0
2015-09-08T11:19:31,31.0
2015-09-08T11:39:49,31.0
2015-09-08T11:59:33,30.0
2015-09-08T12:18:19,30.0
2015-09-08T12:37:36,27.0
2015-09-08T13:01:01,30.0
2015-09-08T13:17:56,30.0
2015-09-08T13:39:15,28.0
2015-09-08T14:02:54,30.0
2015-09-08T14:22:18,31.0
2015-09-08T14:39:24,41.0
2015-09-08T14:59:40,30.0
2015-09-08T15:25:23,24.0
2015-09-08T15:39:39,30.0
2015-09-08T15:50:50,30.0
2015-09-08T16:11:02,28.0
2015-09-08T16:44:41,30.0
2015-09-08T17:23:10,27.0
2015-09-08T17:06:55,26.0
2015-09-08T17:37:43,33.0
2015-09-08T17:58:01,30.0
2015-09-08T18:19:57,30.0
2015-09-08T18:41:57,23.0
2015-09-08T19:03:31,30.0
2015-09-08T19:21:39,30.0
2015-09-08T19:40:29,33.0
2015-09-08T19:58:12,29.0
2015-09-08T20:27:59,32.0
2015-09-08T20:56:11,34.0
2015-09-08T21:30:47,28.0
2015-09-08T22:03:42,34.0
2015-09-08T22:31:02,31.0
2015-09-08T22:58:21,40.0
2015-09-08T23:28:08,31.0
2015-09-08T00:04:21,30.0
2015-09-08T00:27:21,29.0
2015-09-08T06:21:23,36.0
2015-09-08T06:37:54,37.0
2015-09-08T07:01:39,30.0
2015-09-08T07:15:55,40.0
2015-09-08T07:39:53,28.0
2015-09-08T08:06:01,30.0
2015-09-08T08:21:45,31.0
2015-09-08T08:42:27,28.0
2015-09-08T09:01:01,29.0
2015-09-08T09:21:40,39.0
2015-09-08T09:42:05,35.0
2015-09-08T09:55:49,53.0
2015-09-09T10:19:52,27.0
2015-09-09T10:43:39,30.0
2015-09-09T10:55:32,29.0
2015-09-09T11:20:19,36.0
2015-09-09T11:38:10,38.0
2015-09-09T11:59:45,37.0
2015-09-09T12:18:43,30.0
2015-09-09T12:37:15,18.0
2015-09-09T13:02:46,30.0
2015-09-09T13:36:43,30.0
2015-09-09T14:03:25,30.0
2015-09-09T14:19:54,53.0
2015-09-09T14:39:19,41.0
2015-09-09T15:02:10,45.0
2015-09-09T15:22:25,37.0
2015-09-09T15:40:24,30.0
2015-09-09T15:59:59,35.0
2015-09-09T16:20:17,30.0
2015-09-09T16:42:57,60.0
2015-09-09T17:02:15,31.0
2015-09-09T17:18:10,32.0
2015-09-09T17:41:26,28.0
2015-09-09T17:58:32,30.0
2015-09-09T18:18:43,30.0
2015-09-09T18:38:04,30.0
2015-09-09T18:58:04,48.0
2015-09-09T19:20:15,30.0
2015-09-09T19:44:29,30.0
2015-09-09T19:58:44,30.0
2015-09-09T20:30:05,30.0
2015-09-09T20:58:41,30.0
2015-09-09T21:28:53,30.0
2015-09-09T21:59:50,30.0
2015-09-09T22:29:28,32.0
2015-09-09T22:56:41,29.0
2015-09-09T23:28:32,31.0
2015-09-09T00:05:48,42.0
2015-09-09T00:27:03,30.0
2015-09-09T05:59:11,30.0
2015-09-09T06:23:55,30.0
2015-09-09T06:59:00,37.0
2015-09-09T07:19:36,27.0
2015-09-09T07:44:22,30.0
2015-09-09T08:07:12,30.0
2015-09-09T08:31:37,36.0
2015-09-09T08:59:21,27.0
2015-09-09T09:25:13,30.0
2015-09-09T09:43:01,31.0
2015-09-09T09:56:11,35.0
2015-09-10T10:19:09,30.0
2015-09-10T10:43:39,27.0
2015-09-10T10:59:20,26.0
2015-09-10T11:20:38,30.0
2015-09-10T11:57:51,30.0
2015-09-10T12:18:57,29.0
2015-09-10T12:36:51,31.0
2015-09-10T13:10:24,30.0
2015-09-10T13:42:51,33.0
2015-09-10T14:00:01,30.0
2015-09-10T14:40:04,30.0
2015-09-10T15:01:46,25.0
2015-09-10T15:21:42,32.0
2015-09-10T15:40:47,30.0
2015-09-10T15:59:34,33.0
2015-09-10T16:18:46,30.0
2015-09-10T16:44:22,30.0
2015-09-10T17:18:52,30.0
2015-09-10T17:37:39,35.0
2015-09-10T18:00:42,30.0
2015-09-10T18:19:05,30.0
2015-09-10T18:38:51,30.0
2015-09-10T19:01:37,31.0
2015-09-10T19:22:32,31.0
2015-09-10T19:58:12,29.0
2015-09-10T20:29:17,30.0
2015-09-10T20:53:57,29.0
2015-09-10T21:30:43,30.0
2015-09-10T21:57:50,30.0
2015-09-10T22:27:48,30.0
2015-09-10T22:53:39,30.0
2015-09-10T23:28:13,27.0
2015-09-10T23:55:20,20.0
2015-09-10T00:28:03,28.0
2015-09-10T05:58:13,41.0
2015-09-10T06:38:55,39.0
2015-09-10T07:00:49,25.0
2015-09-10T07:15:43,36.0
2015-09-10T07:41:18,27.0
2015-09-10T08:03:16,29.0
2015-09-10T08:28:47,27.0
2015-09-10T08:40:16,30.0
2015-09-10T09:24:49,35.0
2015-09-10T09:37:30,42.0
2015-09-10T09:56:50,23.0
2015-09-11T10:41:05,37.0
2015-09-11T10:59:00,26.0
2015-09-11T11:39:39,34.0
2015-09-11T12:02:19,32.0
2015-09-11T12:21:15,30.0
2015-09-11T12:41:22,43.0
2015-09-11T13:19:14,30.0
2015-09-11T13:42:11,41.0
2015-09-11T14:19:36,26.0
2015-09-11T14:39:50,30.0
2015-09-11T15:05:30,46.0
2015-09-11T15:28:40,32.0
2015-09-11T16:00:14,34.0
2015-09-11T16:20:36,44.0
2015-09-11T17:01:42,30.0
2015-09-11T17:19:24,42.0
2015-09-11T17:39:31,30.0
2015-09-11T17:58:23,30.0
2015-09-11T18:37:09,31.0
2015-09-11T18:57:40,30.0
2015-09-11T19:38:44,48.0
2015-09-11T19:57:09,38.0
2015-09-11T20:26:49,30.0
2015-09-11T22:30:22,46.0
2015-09-11T00:29:38,31.0
2015-09-11T06:02:00,31.0
2015-09-11T06:21:31,30.0
2015-09-11T06:38:03,36.0
2015-09-11T07:00:14,38.0
2015-09-11T07:17:04,24.0
2015-09-11T08:01:56,30.0
2015-09-11T08:22:13,37.0
2015-09-11T08:42:51,38.0
2015-09-11T09:00:54,34.0
2015-09-11T09:19:48,34.0
2015-09-11T09:41:13,26.0
2015-09-11T10:00:22,31.0
2015-09-12T10:21:19,33.0
2015-09-12T10:44:48,30.0
2015-09-12T10:59:38,30.0
2015-09-12T11:21:42,28.0
2015-09-12T12:02:36,25.0
2015-09-12T12:26:03,27.0
2015-09-12T12:45:41,45.0
2015-09-12T13:04:50,30.0
2015-09-12T13:25:28,35.0
2015-09-12T13:46:17,30.0
2015-09-12T14:05:15,30.0
2015-09-12T14:25:14,24.0
2015-09-12T14:58:44,30.0
2015-09-12T15:15:25,38.0
2015-09-12T15:26:01,30.0
2015-09-12T15:46:54,30.0
2015-09-12T16:04:34,43.0
2015-09-12T16:25:04,30.0
2015-09-12T17:24:48,30.0
2015-09-12T17:45:35,30.0
2015-09-12T18:03:04,30.0
2015-09-12T18:24:11,33.0
2015-09-12T18:50:18,30.0
2015-09-12T19:47:38,32.0
2015-09-12T20:04:59,19.0
2015-09-12T20:27:48,30.0
2015-09-12T21:01:55,32.0
2015-09-12T22:00:37,30.0
2015-09-12T22:27:44,23.0
2015-09-12T22:59:52,31.0
2015-09-12T23:59:14,30.0
2015-09-12T00:28:26,30.0
2015-09-12T06:01:26,30.0
2015-09-12T06:20:56,30.0
2015-09-12T06:39:00,28.0
2015-09-12T06:57:43,30.0
2015-09-12T07:18:58,44.0
2015-09-12T07:39:59,31.0
2015-09-12T08:01:57,35.0
2015-09-12T08:19:02,30.0
2015-09-12T08:38:14,38.0
2015-09-12T08:59:23,30.0
2015-09-12T09:21:21,31.0
2015-09-12T09:38:56,23.0
2015-09-12T10:02:04,30.0
2015-09-13T09:58:06,30.0
2015-09-13T10:40:45,30.0
2015-09-13T11:29:18,26.0
2015-09-13T11:42:11,26.0
2015-09-13T12:01:36,30.0
2015-09-13T12:30:05,30.0
2015-09-13T13:03:04,31.0
2015-09-13T13:24:20,30.0
2015-09-13T13:44:05,30.0
2015-09-13T14:04:41,28.0
2015-09-13T14:26:14,34.0
2015-09-13T14:46:06,31.0
2015-09-13T15:25:49,24.0
2015-09-13T16:05:40,30.0
2015-09-13T16:24:22,27.0
2015-09-13T16:43:14,30.0
2015-09-13T17:42:25,30.0
2015-09-13T18:25:57,31.0
2015-09-13T18:42:24,18.0
2015-09-13T19:02:45,30.0
2015-09-13T19:25:50,18.0
2015-09-13T20:03:48,30.0
2015-09-13T20:58:55,26.0
2015-09-13T21:28:53,30.0
2015-09-13T21:58:21,30.0
2015-09-13T22:28:42,19.0
2015-09-13T22:57:04,30.0
2015-09-13T23:25:58,30.0
2015-09-13T23:59:20,30.0
2015-09-13T00:30:28,21.0
2015-09-13T06:40:37,30.0
2015-09-13T07:00:22,30.0
2015-09-13T07:19:09,29.0
2015-09-13T07:40:45,44.0
2015-09-13T08:20:33,30.0
2015-09-13T08:42:53,30.0
2015-09-13T09:02:04,23.0
2015-09-13T09:21:58,28.0
2015-09-13T09:41:58,30.0
2015-09-14T10:19:50,30.0
2015-09-14T10:42:56,55.0
2015-09-14T11:00:19,30.0
2015-09-14T11:19:16,31.0
2015-09-14T11:41:32,44.0
2015-09-14T12:38:03,39.0
2015-09-14T13:04:02,33.0
2015-09-14T13:23:08,60.0
2015-09-14T13:35:53,27.0
2015-09-14T14:02:07,28.0
2015-09-14T14:18:08,30.0
2015-09-14T15:21:01,35.0
2015-09-14T15:37:40,30.0
2015-09-14T15:59:03,34.0
2015-09-14T16:20:03,30.0
2015-09-14T16:43:25,46.0
2015-09-14T17:00:57,30.0
2015-09-14T18:01:37,30.0
2015-09-14T18:20:03,31.0
2015-09-14T18:50:03,30.0
2015-09-14T19:29:56,34.0
2015-09-14T19:40:37,31.0
2015-09-14T20:27:44,33.0
2015-09-14T20:59:16,30.0
2015-09-14T22:00:40,30.0
2015-09-14T23:02:18,21.0
2015-09-14T23:59:49,30.0
2015-09-14T00:28:43,30.0
2015-09-14T05:58:50,24.0
2015-09-14T06:19:46,30.0
2015-09-14T07:16:30,27.0
2015-09-14T07:40:59,28.0
2015-09-14T08:02:35,44.0
2015-09-14T08:21:47,42.0
2015-09-14T08:39:17,38.0
2015-09-14T09:01:28,29.0
2015-09-14T09:55:54,31.0
2015-09-15T10:23:06,31.0
2015-09-15T10:40:13,28.0
2015-09-15T10:55:53,31.0
2015-09-15T11:17:16,30.0
2015-09-15T11:38:41,30.0
2015-09-15T11:58:40,18.0
2015-09-15T12:18:07,30.0
2015-09-15T12:38:26,30.0
2015-09-15T13:16:04,31.0
2015-09-15T13:37:38,30.0
2015-09-15T14:01:03,28.0
2015-09-15T14:19:26,31.0
2015-09-15T14:39:32,39.0
2015-09-15T14:59:57,30.0
2015-09-15T15:19:47,33.0
2015-09-15T15:40:47,30.0
2015-09-15T15:50:57,30.0
2015-09-15T16:24:12,39.0
2015-09-15T16:40:10,48.0
2015-09-15T17:08:17,30.0
2015-09-15T17:41:42,29.0
2015-09-15T17:58:09,30.0
2015-09-15T18:22:41,30.0
2015-09-15T18:45:41,29.0
2015-09-15T18:58:04,30.0
2015-09-15T19:18:41,30.0
2015-09-15T19:42:01,41.0
2015-09-15T19:57:12,30.0
2015-09-15T20:26:22,18.0
2015-09-15T21:01:32,32.0
2015-09-15T21:29:44,30.0
2015-09-15T21:59:46,34.0
2015-09-15T22:23:56,30.0
2015-09-15T22:59:10,30.0
2015-09-15T23:26:33,25.0
2015-09-15T05:57:21,30.0
2015-09-15T06:22:39,28.0
2015-09-15T06:38:40,36.0
2015-09-15T06:59:45,29.0
2015-09-15T07:22:33,27.0
2015-09-15T07:40:06,48.0
2015-09-15T08:04:33,32.0
2015-09-15T08:26:12,42.0
2015-09-15T08:41:21,31.0
2015-09-15T09:01:21,27.0
2015-09-15T09:17:34,39.0
2015-09-15T09:46:45,30.0
2015-09-15T09:57:55,30.0
2015-09-16T10:19:38,30.0
2015-09-16T10:39:38,31.0
2015-09-16T10:58:27,45.0
2015-09-16T11:19:52,30.0
2015-09-16T11:57:28,39.0
2015-09-16T12:21:14,29.0
2015-09-16T12:38:19,30.0
2015-09-16T13:00:11,63.0
2015-09-16T13:19:46,30.0
2015-09-16T13:37:52,33.0
2015-09-16T14:01:54,33.0
2015-09-16T14:39:22,30.0
2015-09-16T15:22:47,35.0
2015-09-16T15:39:51,31.0
2015-09-16T16:00:48,28.0
2015-09-16T16:19:51,30.0
2015-09-16T16:42:28,30.0
2015-09-16T17:44:20,30.0
2015-09-16T17:57:45,30.0
2015-09-16T18:19:12,30.0
2015-09-16T18:39:30,30.0
2015-09-16T18:58:59,30.0
2015-09-16T19:23:15,30.0
2015-09-16T19:56:40,23.0
2015-09-16T20:29:17,30.0
2015-09-16T21:02:25,30.0
2015-09-16T21:31:55,31.0
2015-09-16T21:57:23,30.0
2015-09-16T22:29:55,28.0
2015-09-16T23:08:41,30.0
2015-09-16T23:30:19,26.0
2015-09-16T00:01:12,23.0
2015-09-16T06:00:36,30.0
2015-09-16T06:39:18,34.0
2015-09-16T07:02:23,53.0
2015-09-16T07:20:02,33.0
2015-09-16T07:41:43,50.0
2015-09-16T08:12:02,27.0
2015-09-16T08:23:28,27.0
2015-09-16T08:39:25,32.0
2015-09-16T09:21:54,30.0
2015-09-16T09:42:56,34.0
2015-09-16T09:57:40,35.0
2015-09-17T10:19:19,38.0
2015-09-17T10:40:50,41.0
2015-09-17T11:00:30,24.0
2015-09-17T11:38:58,30.0
2015-09-17T11:57:41,32.0
2015-09-17T12:19:28,34.0
2015-09-17T12:37:11,31.0
2015-09-17T13:06:16,33.0
2015-09-17T13:38:25,30.0
2015-09-17T14:27:37,35.0
2015-09-17T14:37:56,30.0
2015-09-17T14:58:06,41.0
2015-09-17T15:25:15,30.0
2015-09-17T15:41:20,30.0
2015-09-17T15:58:40,30.0
2015-09-17T16:18:02,30.0
2015-09-17T17:00:18,32.0
2015-09-17T17:21:37,26.0
2015-09-17T17:38:07,30.0
2015-09-17T17:57:01,33.0
2015-09-17T18:22:23,30.0
2015-09-17T18:34:30,30.0
2015-09-17T19:00:47,30.0
2015-09-17T19:38:59,21.0
2015-09-17T19:57:01,30.0
2015-09-17T20:30:05,30.0
2015-09-17T20:58:03,30.0
2015-09-17T21:57:44,25.0
2015-09-17T22:29:15,19.0
2015-09-17T22:57:46,23.0
2015-09-17T23:59:45,30.0
2015-09-17T00:27:05,30.0
2015-09-17T05:58:52,30.0
2015-09-17T06:17:36,30.0
2015-09-17T06:37:10,37.0
2015-09-17T07:00:53,34.0
2015-09-17T07:21:20,53.0
2015-09-17T07:39:04,30.0
2015-09-17T08:06:50,31.0
2015-09-17T08:19:40,28.0
2015-09-17T08:41:23,34.0
2015-09-17T08:58:11,41.0
2015-09-17T09:20:27,44.0
2015-09-17T09:42:14,30.0
2015-09-17T09:57:45,28.0
2015-09-18T10:19:53,31.0
2015-09-18T10:39:15,30.0
2015-09-18T11:02:51,30.0
2015-09-18T11:19:34,52.0
2015-09-18T11:38:12,29.0
2015-09-18T11:59:28,30.0
2015-09-18T12:21:39,31.0
2015-09-18T12:41:29,30.0
2015-09-18T12:59:40,30.0
2015-09-18T13:18:21,30.0
2015-09-18T13:39:39,30.0
2015-09-18T13:59:39,45.0
2015-09-18T14:23:21,30.0
2015-09-18T14:37:38,30.0
2015-09-18T15:04:24,30.0
2015-09-18T15:21:36,18.0
2015-09-18T15:42:45,46.0
2015-09-18T15:58:39,34.0
2015-09-18T16:22:17,30.0
2015-09-18T16:41:14,28.0
2015-09-18T17:02:38,37.0
2015-09-18T17:18:20,30.0
2015-09-18T17:38:29,37.0
2015-09-18T18:00:30,40.0
2015-09-18T18:23:43,36.0
2015-09-18T18:36:43,43.0
2015-09-18T19:01:24,30.0
2015-09-18T19:20:33,30.0
2015-09-18T19:39:00,37.0
2015-09-18T19:58:30,31.0
2015-09-18T20:29:41,31.0
2015-09-18T21:28:58,30.0
2015-09-18T21:57:48,30.0
2015-09-18T22:27:11,21.0
2015-09-18T23:02:52,30.0
2015-09-18T23:27:07,27.0
2015-09-18T23:58:54,25.0
2015-09-18T00:30:51,30.0
2015-09-18T06:01:25,30.0
2015-09-18T06:23:32,30.0
2015-09-18T06:38:16,34.0
2015-09-18T07:00:02,40.0
2015-09-18T07:18:00,31.0
2015-09-18T07:41:50,30.0
2015-09-18T08:03:39,29.0
2015-09-18T08:23:01,39.0
2015-09-18T08:39:06,30.0
2015-09-18T08:57:30,27.0
2015-09-18T09:21:48,37.0
2015-09-18T09:39:29,53.0
2015-09-18T10:00:22,36.0
2015-09-19T10:21:14,27.0
2015-09-19T10:39:14,31.0
2015-09-19T10:59:43,30.0
2015-09-19T11:20:26,25.0
2015-09-19T11:44:10,54.0
2015-09-19T12:06:14,30.0
2015-09-19T12:26:37,30.0
2015-09-19T12:45:24,39.0
2015-09-19T13:06:47,30.0
2015-09-19T13:27:51,31.0
2015-09-19T13:47:29,32.0
2015-09-19T14:04:44,30.0
2015-09-19T14:24:52,33.0
2015-09-19T14:42:32,29.0
2015-09-19T15:05:24,30.0
2015-09-19T15:28:01,30.0
2015-09-19T15:47:50,30.0
2015-09-19T16:07:00,30.0
2015-09-19T16:24:57,34.0
2015-09-19T16:53:52,30.0
2015-09-19T17:02:33,40.0
2015-09-19T17:48:44,30.0
2015-09-19T18:07:42,30.0
2015-09-19T18:28:43,32.0
2015-09-19T18:42:27,28.0
2015-09-19T19:09:56,34.0
2015-09-19T19:23:20,28.0
2015-09-19T19:48:00,43.0
2015-09-19T20:26:23,30.0
2015-09-19T21:05:56,30.0
2015-09-19T22:00:53,31.0
2015-09-19T22:29:14,31.0
2015-09-19T22:58:32,26.0
2015-09-19T23:36:14,30.0
2015-09-19T23:56:51,31.0
2015-09-19T00:31:18,30.0
2015-09-19T05:59:03,26.0
2015-09-19T06:38:07,30.0
2015-09-19T07:18:49,29.0
2015-09-19T07:39:22,30.0
2015-09-19T07:59:25,60.0
2015-09-19T08:19:44,37.0
2015-09-19T08:39:13,31.0
2015-09-19T08:59:49,31.0
2015-09-19T09:22:44,35.0
2015-09-19T09:39:50,27.0
2015-09-19T10:02:49,28.0
2015-09-20T10:43:23,30.0
2015-09-20T11:02:30,28.0
2015-09-20T11:19:40,30.0
2015-09-20T11:40:35,25.0
2015-09-20T12:03:16,30.0
2015-09-20T12:23:12,22.0
2015-09-20T13:05:17,30.0
2015-09-20T13:26:02,30.0
2015-09-20T13:46:47,28.0
2015-09-20T14:06:17,30.0
2015-09-20T14:20:45,31.0
2015-09-20T14:47:45,25.0
2015-09-20T15:24:10,28.0
2015-09-20T15:44:43,40.0
2015-09-20T16:10:09,27.0
2015-09-20T16:25:23,26.0
2015-09-20T16:45:45,41.0
2015-09-20T17:04:42,30.0
2015-09-20T17:44:19,30.0
2015-09-20T18:06:22,40.0
2015-09-20T18:29:55,29.0
2015-09-20T18:46:26,24.0
2015-09-20T19:04:21,30.0
2015-09-20T19:23:47,30.0
2015-09-20T20:06:04,30.0
2015-09-20T20:31:23,30.0
2015-09-20T20:58:46,30.0
2015-09-20T21:26:19,32.0
2015-09-20T21:58:34,26.0
2015-09-20T22:27:36,20.0
2015-09-20T23:26:44,30.0
2015-09-20T00:36:48,20.0
2015-09-20T06:44:51,30.0
2015-09-20T06:58:01,30.0
2015-09-20T07:16:57,30.0
2015-09-20T07:43:45,43.0
2015-09-20T08:19:29,30.0
2015-09-20T08:41:51,30.0
2015-09-20T08:59:30,30.0
2015-09-20T09:18:23,32.0
2015-09-20T09:39:46,30.0
2015-09-20T10:06:37,26.0
2015-09-21T10:18:20,36.0
2015-09-21T10:41:23,30.0
2015-09-21T10:59:15,43.0
2015-09-21T11:42:23,31.0
2015-09-21T11:59:14,33.0
2015-09-21T12:21:56,26.0
2015-09-21T12:38:59,41.0
2015-09-21T13:03:54,57.0
2015-09-21T13:19:58,30.0
2015-09-21T13:35:53,47.0
2015-09-21T14:21:16,26.0
2015-09-21T14:39:41,34.0
2015-09-21T14:59:03,52.0
2015-09-21T15:20:44,30.0
2015-09-21T15:41:06,30.0
2015-09-21T16:00:24,31.0
2015-09-21T16:22:48,33.0
2015-09-21T16:58:49,38.0
2015-09-21T17:20:34,30.0
2015-09-21T17:37:54,28.0
2015-09-21T17:59:35,30.0
2015-09-21T18:29:20,46.0
2015-09-21T18:38:17,30.0
2015-09-21T19:01:46,30.0
2015-09-21T19:22:12,30.0
2015-09-21T19:56:04,32.0
2015-09-21T20:27:34,30.0
2015-09-21T21:28:11,29.0
2015-09-21T22:00:29,27.0
2015-09-21T22:31:22,30.0
2015-09-21T23:28:04,25.0
2015-09-21T23:58:07,30.0
2015-09-21T00:26:33,19.0
2015-09-21T06:20:22,25.0
2015-09-21T06:36:25,36.0
2015-09-21T07:04:00,30.0
2015-09-21T07:19:45,30.0
2015-09-21T07:39:38,38.0
2015-09-21T08:03:55,39.0
2015-09-21T08:23:04,47.0
2015-09-21T09:00:15,29.0
2015-09-21T09:20:49,32.0
2015-09-21T09:39:27,30.0
2015-09-21T09:59:05,30.0
2015-09-22T10:40:54,30.0
2015-09-22T10:57:28,46.0
2015-09-22T11:39:28,30.0
2015-09-22T11:56:43,30.0
2015-09-22T12:19:15,30.0
2015-09-22T12:37:50,30.0
2015-09-22T13:18:59,30.0
2015-09-22T13:38:13,37.0
2015-09-22T14:19:43,30.0
2015-09-22T14:40:12,42.0
2015-09-22T15:02:09,60.0
2015-09-22T15:25:01,34.0
2015-09-22T16:05:21,44.0
2015-09-22T16:21:09,28.0
2015-09-22T16:58:52,45.0
2015-09-22T17:18:18,31.0
2015-09-22T17:40:12,30.0
2015-09-22T17:58:36,28.0
2015-09-22T18:42:00,30.0
2015-09-22T18:58:56,29.0
2015-09-22T19:39:54,30.0
2015-09-22T19:57:41,40.0
2015-09-22T20:29:06,30.0
2015-09-22T21:59:35,31.0
2015-09-22T23:58:39,30.0
2015-09-22T00:29:18,26.0
2015-09-22T06:17:18,34.0
2015-09-22T06:37:19,43.0
2015-09-22T07:00:16,31.0
2015-09-22T07:17:49,33.0
2015-09-22T08:04:37,29.0
2015-09-22T08:20:24,42.0
2015-09-22T08:59:25,27.0
2015-09-22T09:24:53,30.0
2015-09-22T09:41:53,34.0
2015-09-22T09:57:10,23.0
2015-09-23T10:27:03,30.0
2015-09-23T10:37:50,39.0
2015-09-23T11:19:32,30.0
2015-09-23T11:39:40,42.0
2015-09-23T11:57:48,30.0
2015-09-23T12:19:44,31.0
2015-09-23T12:36:03,29.0
2015-09-23T13:00:55,29.0
2015-09-23T13:14:40,30.0
2015-09-23T14:00:39,38.0
2015-09-23T14:22:55,21.0
2015-09-23T14:39:53,28.0
2015-09-23T15:00:13,31.0
2015-09-23T15:28:53,18.0
2015-09-23T15:39:03,30.0
2015-09-23T16:00:12,24.0
2015-09-23T16:41:47,35.0
2015-09-23T17:04:35,28.0
2015-09-23T17:18:19,29.0
2015-09-23T17:40:46,30.0
2015-09-23T17:58:20,30.0
2015-09-23T18:18:09,30.0
2015-09-23T18:38:55,30.0
2015-09-23T19:20:07,30.0
2015-09-23T19:40:14,30.0
2015-09-23T19:58:59,30.0
2015-09-23T20:28:23,30.0
2015-09-23T20:59:16,18.0
2015-09-23T21:28:49,30.0
2015-09-23T22:29:12,30.0
2015-09-23T22:57:28,53.0
2015-09-23T23:28:09,31.0
2015-09-23T05:56:22,30.0
2015-09-23T06:25:42,38.0
2015-09-23T06:36:57,30.0
2015-09-23T07:00:08,28.0
2015-09-23T08:08:17,30.0
2015-09-23T08:38:00,35.0
2015-09-23T08:59:47,32.0
2015-09-23T09:22:54,33.0
2015-09-23T09:43:23,33.0
2015-09-23T09:57:02,27.0
2015-09-24T10:41:38,30.0
2015-09-24T11:01:22,30.0
2015-09-24T11:18:27,32.0
2015-09-24T11:38:01,73.0
2015-09-24T11:58:30,28.0
2015-09-24T12:20:47,17.0
2015-09-24T12:38:36,30.0
2015-09-24T13:19:38,30.0
2015-09-24T13:43:21,30.0
2015-09-24T14:02:37,30.0
2015-09-24T14:18:20,24.0
2015-09-24T14:39:58,29.0
2015-09-24T15:01:57,30.0
2015-09-24T15:26:08,30.0
2015-09-24T15:59:16,31.0
2015-09-24T16:19:56,32.0
2015-09-24T16:42:57,32.0
2015-09-24T17:00:52,37.0
2015-09-24T17:20:18,27.0
2015-09-24T17:39:49,44.0
2015-09-24T17:56:50,30.0
2015-09-24T18:39:39,29.0
2015-09-24T18:59:56,30.0
2015-09-24T19:22:43,30.0
2015-09-24T19:39:21,43.0
2015-09-24T19:57:14,30.0
2015-09-24T20:25:57,19.0
2015-09-24T21:29:29,30.0
2015-09-24T21:57:08,30.0
2015-09-24T22:30:18,32.0
2015-09-24T23:30:45,33.0
2015-09-24T23:59:03,30.0
2015-09-24T00:25:58,28.0
2015-09-24T05:57:11,30.0
2015-09-24T06:19:40,36.0
2015-09-24T06:40:04,41.0
2015-09-24T07:02:19,39.0
2015-09-24T07:21:01,27.0
2015-09-24T08:01:49,36.0
2015-09-24T08:22:42,47.0
2015-09-24T08:41:30,29.0
2015-09-24T08:59:11,37.0
2015-09-24T09:38:45,30.0
2015-09-24T09:58:37,36.0
2015-09-25T11:02:49,22.0
2015-09-25T11:18:56,30.0
2015-09-25T11:39:16,30.0
2015-09-25T11:59:55,51.0
2015-09-25T12:20:32,26.0
2015-09-25T12:41:05,41.0
2015-09-25T14:00:35,48.0
2015-09-25T14:18:01,40.0
2015-09-25T14:39:35,33.0
2015-09-25T15:06:05,28.0
2015-09-25T15:22:24,44.0
2015-09-25T16:18:54,30.0
2015-09-25T16:41:27,30.0
2015-09-25T17:01:40,40.0
2015-09-25T17:20:20,39.0
2015-09-25T17:39:04,30.0
2015-09-25T17:57:33,31.0
2015-09-25T18:58:09,30.0
2015-09-25T19:19:06,42.0
2015-09-25T19:42:24,30.0
2015-09-25T19:59:51,30.0
2015-09-25T20:28:40,30.0
2015-09-25T21:30:43,30.0
2015-09-25T22:29:33,29.0
2015-09-25T23:30:08,25.0
2015-09-25T00:53:48,30.0
2015-09-25T05:58:18,30.0
2015-09-25T06:18:54,30.0
2015-09-25T06:40:11,35.0
2015-09-25T06:57:43,28.0
2015-09-25T07:18:29,29.0
2015-09-25T08:22:12,29.0
2015-09-25T08:39:04,30.0
2015-09-25T09:00:33,32.0
2015-09-25T09:19:40,36.0
2015-09-25T09:38:58,61.0
2015-09-25T10:00:06,43.0
2015-09-26T00:30:29,29.0
